iteration,timestamp,avg_fitness,general_MAX_CLUSTER_DISTANCE,general_MAX_CLUSTER_JOIN_DISTANCE,populationSize,generations,newChromosomes,eliminator_type,eliminator_elitism,eliminator_survivalRate,eliminator_p,mutator_comp_p,mutator_child1_numMutations,mutator_child1_p,mutator_child1_weight,mutator_child2_numMutations,mutator_child2_p,mutator_child2_weight,crossover_comp_p,crossover_child1_geoP,crossover_child1_crossoverProb,crossover_child1_weight,crossover_child2_geoP,crossover_child2_crossoverProb,crossover_child2_weight,crossover_child3_p,crossover_child3_weight,crossover_child4_k,crossover_child4_p,crossover_child4_weight,crossover_child5_k,crossover_child5_p,crossover_child5_weight,selection_type,selection_tournamentSize,48xxx_random_constraints.job_fitness,51000_rijeka_random_constraints.job_fitness
1,2026-06-17T15:24:09.817278,64.62484759617125,5.511143547386452,15.099063377191852,5000,2000,20,EliteEliminator,8,0.38277690538568926,0.3587938143810303,0.9999964779158835,6,0.20146705471668053,0.2602755265564576,14,0.16231298330980526,0.7001460073129375,0.9999968274725288,0.6403910531204815,0.13484574634011423,0.9862954477066733,0.4201574472549734,0.10383099686127095,0.8603729607152474,0.6674004037387361,0.3237938663747991,6,0.31919639902675745,0.6152761998623506,5,0.5256307674929993,0.3506271464230193,TournamentSelection,3,101.56804626044445,27.68164893189805
2,2026-06-17T15:34:18.902397,59.756476754647665,10.21127191108613,17.89967499285552,200,8000,26,EliteEliminator,4,0.20911432893278814,0.6403697365972947,0.9999995348015019,7,0.8938351998898695,0.79011168,11,0.5858567863797266,0.22692499095127694,0.9999904781792527,0.5736585776427878,0.7944412229441603,0.37714378841882934,0.27006944579868986,0.6131310651631706,0.32173220719230056,0.4805718542499038,0.5656718679388527,4,0.6717204617743249,0.2523489395998361,3,0.5678403494509777,0.5458443287110417,TournamentSelection,2,94.17873019231396,25.334223316981365
3,2026-06-17T15:35:04.985979,60.450160621920176,5.8931576353126705,18.537005390048787,50,2000,6,EliteEliminator,4,0.38819863910322344,0.5737393595787311,0.9999997320697769,7,0.4051785863131532,0.27806984149874175,13,0.45627712334627846,0.4250263775694312,0.9999999690492897,0.2610526384494614,0.8015006132745892,0.8836657124577756,0.14514248043779615,0.3980183849661446,0.8742287035187549,0.6268258296855754,0.8654163409969398,4,0.6765259873982941,0.7276637911336395,6,0.5651256106244934,0.5383431212653706,TournamentSelection,4,94.56833243431171,26.331988809528635
4,2026-06-17T16:07:27.943578,61.12487961364361,9.074308197841253,18.908655276849892,50,500,24,EliteEliminator,10,0.290644322,0.7674913465711214,0.9999955742720364,6,0.5516802985129322,0.12011945867388199,12,0.8745393391925862,0.33422561722931954,0.9999964700626063,0.7605738793541008,0.6440278524245987,0.5291375184141912,0.10334874964904146,0.882132828,0.6443231517548647,0.7816162584157329,0.8881663373367715,7,0.3645408891762971,0.41439124277404527,7,0.8261648866472158,0.11028353305285019,TournamentSelection,5,96.33948891,25.910270316682013
5,2026-06-17T16:15:22.501249,62.83738133141201,7.787872943525479,15.956558818901886,200,8000,18,EliteGeometricEliminator,13,0.23993716367781381,0.723800112,0.9999963429957115,9,0.626282206,0.6505701831850911,10,0.47481245138496375,0.833689427,0.9999932736667017,0.3766523136411125,0.5391330249093637,0.8907001376072333,0.7638091312110356,0.11166362212980126,0.2024210522169703,0.7636009411040695,0.11712258268261223,2,0.6863994767123602,0.3960450633305125,7,0.24786391645754846,0.8070920507530881,TournamentSelection,3,99.38906220342652,26.285700459397507
6,2026-06-17T16:38:55.889106,60.791646385137554,6.977433744593438,18.560166075871695,500,8000,10,EliteEliminator,12,0.061610488,0.427870152,0.9999982594595644,4,0.5582051400987669,0.7213005640127927,6,0.3195931918414323,0.6017908053414212,0.9999984903454179,0.12661401427084368,0.5047044395100229,0.7292072326588203,0.7301181980787079,0.43565533798055944,0.5208905910171395,0.31003549114185047,0.316699042,7,0.8927248350248663,0.4250380036437704,6,0.20071927324215103,0.449308801,TournamentSelection,2,94.47291449744976,27.110378272825344
7,2026-06-17T17:52:04.387687,62.33411020560706,1,20,50,2000,15,EliteEliminator,7,0.48879049439781264,0.1,1,5,0.1,0.1,20,0.1,1,1,0.6600564604020679,0.16844812855639552,1,0.16697392547965711,0.1,1,0.9,0.7531886476825138,8,0.1,1,8,0.3791694951427569,0.1,TournamentSelection,4,97.78523828440031,26.88298212681381
8,2026-06-17T18:37:23.283915,61.17377745,4.2652388724453765,13.012519484316897,5000,2000,21,EliteEliminator,9,0.4259847584148093,0.31765966690355013,0.9999971374212341,5,0.15583228420437006,0.15840756441007248,15,0.10114275771204542,0.7418163650182522,0.9999971386918733,0.7273413913953485,0.1,0.9717749943933913,0.33050927015981924,0.10003219181535578,0.9382296580881657,0.5768941147178522,0.4739536623026164,7,0.17299866901292543,0.6736288138825605,5,0.5578452129124913,0.3302773509597722,TournamentSelection,3,96.73686748,25.610687425283608
9,2026-06-17T18:37:40.750684,59.833513057451405,2.849281506547043,6.538002476943545,50,500,12,EliteEliminator,14,0.2899365716733655,0.2035533955846388,0.9999976175727343,5,0.6597482581433863,0.297538155,17,0.3202440193642969,0.9818815601330633,0.9999956493123158,0.31425291876189165,0.1499080772503516,0.5947789202288712,0.4501549651534241,0.18123086429147636,0.7183197515974188,0.6700267113884769,0.9738148997104483,6,0.3243867881681966,0.587172074,7,0.7862969761633066,0.32319794711243033,TournamentSelection,3,94.14381321680938,25.523212898093433
10,2026-06-17T19:25:53.827593,63.29043694583686,5.132951537972216,15.39703524973818,5000,2000,18,EliteEliminator,8,0.3667867516178196,0.3593004597356314,0.999996571,6,0.24252600123231585,0.31372747002446977,14,0.2014847274933771,0.657300552,0.9999962934231472,0.6046540735121361,0.19665380732229804,0.9646397399723312,0.4490922211111784,0.10610710558824257,0.8469633483071685,0.6832951677040027,0.142726791,6,0.32619295764202094,0.6362972702887248,5,0.5440984666312129,0.398528904,TournamentSelection,3,100.28635933247439,26.294514559199325
11,2026-06-17T20:18:54.502482,60.37802246985031,6.700340975330225,16.634790735744538,5000,2000,19,EliteEliminator,12,0.095821462,0.375926837,0.9999923317546101,5,0.22369911268621817,0.48279457624280175,10,0.6403858266816905,0.8943891786746921,0.9999997994444116,0.3881842026068063,0.4804598764777347,0.3793825015089086,0.1860984458654895,0.5315345532069403,0.8986532328959708,0.2501201612499869,0.49866231040970066,5,0.3750673642296296,0.6800495048780054,7,0.6137239012461569,0.2679875264982382,TournamentSelection,2,94.89470484783003,25.86134009187058
12,2026-06-17T21:11:21.907755,61.489055224498735,11.946308680797628,15.029909613829156,5000,2000,24,EliteEliminator,8,0.38686819538779615,0.7130566817790189,0.999997059,6,0.43016489859267804,0.247443436,18,0.36998031980312873,0.7507035691498096,0.9999968950706771,0.2061684188246135,0.1709383888507164,0.9920707213829025,0.30832537098749413,0.28326215316329273,0.8627153147890009,0.5940015065453258,0.21089033096411042,6,0.4350855583489549,0.6055341510893018,2,0.44333732106422086,0.3164479428741688,TournamentSelection,3,96.67494246227017,26.303167986727303
13,2026-06-17T22:04:32.318380,63.53102521237133,2.7571607932810767,17.326782671954028,5000,2000,15,EliteEliminator,1,0.3773720842433521,0.35299378846084983,0.9999901482652843,3,0.4059975077167831,0.1888848869683219,12,0.23941578521876006,0.7037073278387835,0.9999922855505251,0.33647629852385624,0.3400320826176721,0.21624559110144842,0.5133831232752564,0.8288847973582685,0.4466948551663785,0.6683397361539064,0.9131708211427161,6,0.18207051337736613,0.3650085392029231,5,0.3959584816727906,0.3458057622826981,TournamentSelection,4,100.29583675378734,26.76621367095532
14,2026-06-17T22:48:25.766331,64.95255313455743,1.1802647479301196,4.937178540111106,5000,2000,27,EliteEliminator,15,0.2268264525260963,0.28403563123510317,0.9999978127342437,4,0.26447658093448845,0.6207982636082618,19,0.6740231657820309,0.7200899312424668,0.9999970086277137,0.5624507372256092,0.15952812828839208,0.25067348095995856,0.40835401458394005,0.34133915404376186,0.5412286718433053,0.6664419188008998,0.3050065746449324,4,0.5606959198329963,0.7251650823949479,5,0.1544357072707161,0.3444545488167242,TournamentSelection,5,101.75850983060113,28.14659643851373
15,2026-06-17T23:28:13.903257,59.87627421540365,5.153230135250017,4.7153064085489795,5000,2000,26,EliteEliminator,17,0.31340388017432963,0.5137614250604177,0.9999930493533103,9,0.4413910618349224,0.9299103869290555,12,0.7653605988600541,0.7628420285191768,0.9999954747524905,0.7644697166340607,0.4537958672091834,0.9672288854865336,0.36104899403093915,0.8529600684747389,0.3837493777252301,0.6667119990317077,0.446800323,7,0.5988955563257242,0.39852274462605797,2,0.5132749727202526,0.8860541350681822,TournamentSelection,2,93.01052198532406,26.74202644548323
16,2026-06-17T23:54:51.298442,61.02687249150008,5.148223686028948,15.855253535300456,5000,500,1,EliteEliminator,2,0.19175227910117099,0.8465698800655498,1,8,0.5962457118347344,0.6460854687978783,7,0.1,0.7644941470211025,0.9999997567189445,0.8,0.6477788394862406,1,0.15424708952846003,0.1,0.9563314906407656,0.6588018179058434,0.328544768,3,0.3331390646961501,0.9157724213223882,5,0.5263484600419887,0.35222485148463856,TournamentSelection,4,97.83404025428506,24.219704728715104
17,2026-06-18T01:43:51.091962,62.252151057401235,4.332788817576938,16.017700082082683,5000,2000,28,EliteEliminator,19,0.11533289624910871,0.6000800055793959,0.9999945629062488,1,0.4755801524188077,0.8166003245665534,11,0.27245633773040034,0.7619984468690431,0.999998164,0.32024467338955553,0.44028048047504387,0.5514983852242139,0.3589673291242864,0.6746908939006342,0.3844796542732343,0.6621982322566927,0.8337186470719462,8,0.5080506951160727,0.6872608359908331,5,0.45498551836392775,0.3008258461591239,TournamentSelection,2,98.97885481,25.52544729988866
18,2026-06-18T10:39:19.455874+00:00,65.23590564559817,2.111881053635251,19.80105469084174,500,2000,3,EliteGeometricEliminator,2,0.3945004281198486,0.1,0.9999988405639745,6,0.5955048504863507,0.7638733220583696,18,0.7343281387087454,0.18399505723453102,0.9999955372437318,0.4393425859878647,0.1,0.7211825303328981,0.7036067807494958,0.39514726521380594,0.7985268130558651,0.6576450217993839,0.17675413139666352,2,0.526312368,0.249559785,5,0.8215871645508961,0.11838270432772137,TournamentSelection,3,103.31675716191461,27.155054129281726
19,2026-06-18T15:04:41.562956+00:00,61.85317032208088,6.377220443233114,18.263674190030983,5000,2000,18,EliteGeometricEliminator,14,0.462399344,0.1,0.9999999342039829,4,0.4100935042057662,0.9019550395418147,18,0.5781838304699412,0.48145849052039824,0.999994931,0.7153785697666605,0.1,0.2565607594051879,0.16356897393606182,0.8712784727606141,0.5682108863430816,0.6597158516523771,0.11339347224417108,5,0.8492139607610214,0.35918009170927934,5,0.24256880271916692,0.24907833314575423,TournamentSelection,5,97.75817006393972,25.948170580222037
20,2026-06-18T17:33:58.834131+00:00,65.46358885714136,1.8741291238861244,8.856842515066631,5000,2000,24,EliteGeometricEliminator,4,0.34966124568019885,0.5181972928465602,0.999999466,5,0.4143369906939681,0.7258152299624531,7,0.6690474728469108,0.7424237187306523,0.9999950605664633,0.2544399086213826,0.10326215539120909,0.7615351732194421,0.24215251597378748,0.33586146651967064,0.49690932375483676,0.6588526992222683,0.6778206853604871,2,0.33284213310396354,0.37902441228321204,5,0.5669449008524887,0.1591936146129169,TournamentSelection,5,104.68036674263155,26.24681097165117
21,2026-06-18T17:46:52.034403+00:00,63.82867166359153,9.844035866071295,13.91078847105098,1000,2000,23,EliteEliminator,3,0.1901884824231696,0.2911083075080193,0.9999922032361153,6,0.695779132,0.1496318738389514,16,0.5961620198396766,0.6093226098603853,0.9999999743398691,0.7677169774804228,0.10888845612962421,0.6223777666880069,0.7838129964801114,0.26097263378668023,0.5698849362492924,0.6523470203375756,0.4453528584756723,6,0.18038363918767447,0.3168403362622275,5,0.7453050704512076,0.4137578563650324,TournamentSelection,5,100.20230163765237,27.45504168953069
22,2026-06-18T18:01:58.503946+00:00,63.091814871915005,1.5126886577228629,17.29149489,1000,2000,13,EliteEliminator,17,0.35595912486672804,0.7667982013641775,0.9999922356693374,3,0.8924230294868456,0.6591860645205783,8,0.37981504854828796,0.5179341095434282,0.9999948302608761,0.4381347008884635,0.6524785674364766,0.8274377744090161,0.2979975477658832,0.3049793539932719,0.5632830937899884,0.6590292984308485,0.15152864669966282,3,0.20819827445127906,0.8385757795024406,5,0.8683294096833819,0.14873108580340982,TournamentSelection,3,99.32147567571373,26.86215406811628
23,2026-06-18T18:13:27.784787+00:00,65.2505586,1,15.549262528817732,1000,2000,20,EliteEliminator,12,0.20875718853011366,0.40622171979185484,0.9999989872338447,8,0.4773324036929386,0.5223356206517143,14,0.4619757438400093,0.809156846,0.9999936151397941,0.5950040479133544,0.1,0.9150952513827829,0.6719636627570681,0.2571794981823461,0.5251507768446416,0.6567752204678508,0.19165421459682985,3,0.8097463240487345,0.5524382092783848,5,0.7649151722493779,0.6884375502007763,TournamentSelection,4,103.68714828325102,26.813968913271157
24,2026-06-18T18:21:15.136000+00:00,59.89456453937811,2.643849047263738,13.127360483409067,1000,2000,3,EliteGeometricEliminator,17,0.3541426192480951,0.17539401019726353,0.9999984681080512,7,0.320204987,0.7524266050182428,20,0.3204355799216376,0.3486316556675143,0.99999255,0.6884131525851864,0.1,0.8640247723469971,0.7491626886743995,0.26649218317719203,0.11433671226718178,0.6604885177604778,0.8927533945658256,2,0.16910867977591534,0.5557241991720041,5,0.5063770055487707,0.9973877663500647,TournamentSelection,4,93.57739512852247,26.21173395023375
25,2026-06-18T20:55:39.366503+00:00,64.08098796023394,1.0025572471705553,12.268733422769355,5000,2000,4,EliteGeometricEliminator,1,0.34481092651251144,0.7033007023397756,0.9999989594678922,8,0.17614156326106575,0.9774364213955844,8,0.8164275218857264,0.3372941504759289,0.9999953353844732,0.4830104453888783,0.1,0.1982280816164415,0.30910919,0.24528396615121437,0.6205550401406034,0.6596931946792759,0.7735654378950325,5,0.14527310441209929,0.1791506793984995,5,0.7503113465242707,0.6500001786015773,TournamentSelection,2,102.0240071,26.137968816557894
26,2026-06-18T21:43:06.405560+00:00,63.91047999561766,1,8.591815943288733,5000,2000,14,EliteEliminator,18,0.1929705865843226,0.7885700814551113,0.9999936971010581,8,0.30896253049751526,0.11269663269390165,8,0.5345067655441982,0.5554131493334874,0.9999916606872938,0.4254197725134927,0.1,0.49843922523445305,0.21406802776642792,0.13373263382597006,0.4856327106361735,0.6668192618548969,0.7101041621872463,3,0.5106950572048354,0.46954517493436554,5,0.44257852451095303,0.7927290307272555,TournamentSelection,4,101.19576311047727,26.62519688075806
27,2026-06-18T21:45:01.884526+00:00,62.54400282594625,8.70658164,18.49100021620829,200,2000,21,EliteGeometricEliminator,11,0.3262883712723576,0.15607519200969583,0.9999986128650986,3,0.4941694028153558,0.7749867283634543,14,0.6135874690306741,0.6045219494263453,0.9999906100468277,0.25955113724645357,0.15734258864529432,0.3220759633266401,0.6239032175803044,0.38601013832707953,0.5397831507123674,0.658105954,0.7727615663559885,2,0.3719006469508678,0.4688159823210828,5,0.4512203020100479,0.2158478702698594,TournamentSelection,4,98.34776291594508,26.740242735947415
28,2026-06-18T21:49:40.196295+00:00,62.924212605159454,1,3.956328275051872,200,5000,28,EliteGeometricEliminator,6,0.065528088,0.7956916429853955,0.9999953825771632,4,0.6478681198580277,0.8318789726795061,8,0.5786641528145816,0.7789198002536875,0.9999906061260415,0.6531749165770634,0.34126156150029857,0.6386992736318647,0.7612929576548214,0.23676959537750394,0.5692903789724699,0.6601800029596615,0.6953704149881951,6,0.7403362573462239,0.5255049645817431,5,0.5306702569878557,0.7561204779140442,TournamentSelection,3,98.45901468999205,27.38941052032686
29,2026-06-18T21:57:26.176965+00:00,65.49911011378461,1.584522405108274,14.91310482389369,500,2000,19,EliteEliminator,4,0.085358883,0.576414434,0.9999987889613859,3,0.8006868668959809,0.43646680149974504,18,0.49741180393543594,0.5217068856731202,0.9999922420202382,0.628724851,0.1,0.8041348600181679,0.5817223711183173,0.33977700808140465,0.5313360180150511,0.6562661552237552,0.9831997384683334,6,0.7655477154498277,0.747336989,5,0.7509926110241868,0.8409401532176951,TournamentSelection,5,104.05253474617983,26.945685481389397
30,2026-06-19T06:50:50.879058+00:00,65.22919325683264,1,2.9887946706469948,500,2000,10,EliteEliminator,1,0.4882794933635364,0.3255774049419305,0.9999911484208375,1,0.4289956675237533,0.8877568789770701,11,0.6279033710037489,0.21888481963228276,0.9999944466685722,0.6725897787001969,0.1,0.45043874801432804,0.7514707575621475,0.11372332877352427,0.6040803724432015,0.7276571561092088,0.741313496,5,0.28494881505770986,0.2515218103017212,6,0.4776835327272011,0.8720768135668836,TournamentSelection,6,103.12498824059094,27.33339827307435
31,2026-06-19T06:55:26.548610+00:00,63.01106597900307,1,9.692821594,500,2000,26,EliteEliminator,1,0.1967489822969532,0.1,0.9999907698346225,7,0.5984768017609222,0.6863345487179281,11,0.4259735575264917,0.7285834897138868,0.9999964764048638,0.35638565517061593,0.1,0.9159898812394552,0.3483594229540942,0.1,0.7163612963630859,0.8309724817191713,0.17744742915040024,3,0.49955766236407195,0.35718698505377944,4,0.2701616218416152,0.23824894642401237,TournamentSelection,3,99.21599386045874,26.806138097547407
32,2026-06-19T07:38:40.931653+00:00,61.95702577678851,1,9.479716234278907,5000,2000,27,EliteEliminator,1,0.14865491918492754,0.3827695271448215,0.9999964804656396,6,0.3542537,0.9315720438091047,9,0.3186454174995348,0.9600941799703938,0.9999968429348992,0.526997056,0.1,0.3379201128413053,0.346375441,0.21098188234935972,0.5807602698512081,0.6581400224255283,0.9481667249648164,8,0.5167764035011764,0.9575160670271845,6,0.7050932758770062,0.6891358899036935,TournamentSelection,6,97.06615244081453,26.847899112762487
33,2026-06-19T07:40:19.372115+00:00,61.868011145817356,1,15.833230774112979,500,500,15,EliteGeometricEliminator,17,0.081233774,0.7106806015762295,0.9999967286373395,1,0.18672196602897945,0.5432476518225661,19,0.9,0.6763596009147096,0.9999972080838045,0.34407304654058224,0.1,0.25363585991500537,0.5993216357259874,0.3367909304523736,0.6267776354934208,0.6889077594211587,0.7381995918173393,4,0.2731703882001043,0.2388676049781708,6,0.4771423780733124,0.5324916724820343,TournamentSelection,3,96.40117930035777,27.33484299127694
34,2026-06-19T07:56:12.237344+00:00,62.15688406164659,1.8570228500502182,14.169108815920325,500,8000,3,EliteGeometricEliminator,16,0.3687292242999011,0.19650891073148563,0.999996347,2,0.23224846329659699,0.6208740921650312,16,0.7139245081218276,0.934015012,0.9999976961524119,0.47662384364696553,0.1,0.828996335,0.7353777216676881,0.1419660205183574,0.6270883147830407,0.7048490700994512,0.4951354996706079,3,0.6745944402036043,0.725914324,5,0.714693324,0.17200352774780392,TournamentSelection,6,97.13428879993022,27.179479323362962
35,2026-06-19T07:56:47.636807+00:00,65.09671656054553,1.3317490548727104,12.200579025423865,50,2000,3,EliteGeometricEliminator,8,0.1851187536895889,0.2398142064392885,0.9999957588223835,3,0.46869764916002266,0.520426286,11,0.8077356612305335,0.3846451217635726,0.9999986414566642,0.5332316570519842,0.1,0.7335963869845943,0.666903372,0.14884522096463512,0.6326423016526902,0.7459165008616567,0.4995513592808435,3,0.775457118,0.977999293,5,0.8931402444443187,0.5106237292535984,TournamentSelection,3,102.41395310865866,27.779480012432398
36,2026-06-19T08:06:39.685530+00:00,65.01137378545089,1,12.297345048432822,1000,2000,8,EliteEliminator,3,0.47727472941581867,0.5857731515068219,1,6,0.8423565754694897,0.3109074168231074,14,0.5720612027402306,0.49576391348649107,0.9999924463994722,0.4724731020287085,0.1,0.8283788945638905,0.6498360527855669,0.1458333529906376,0.6353889738771072,0.7854774883225007,0.7717139367704743,3,0.4523668253825296,0.3204735808531702,5,0.4317632343053348,0.496070577,TournamentSelection,6,101.87146731250746,28.151280258394312
37,2026-06-19T08:09:21.586122+00:00,61.34499364521113,1.5762247823336981,5.099391361893208,500,2000,14,EliteGeometricEliminator,20,0.30484912092353544,0.24977381377955754,0.999992241,4,0.7174022300463804,0.6448114218927418,11,0.5232868096362189,0.48303141062383415,0.9999938409978031,0.5563203440629175,0.295333631,0.6754808407018229,0.6364230945294641,0.14580490068671806,0.5300548220695153,0.3247835071559011,0.666233443,4,0.4338742083897781,0.9818160842770797,3,0.45290804015768427,0.962142402,TournamentSelection,2,95.22098685024574,27.469000440176536
38,2026-06-19T08:11:10.869885+00:00,61.66762280941604,1.4805679629260229,5.780569725347731,200,2000,11,EliteEliminator,1,0.17318040586609906,0.724792822,0.9999952124584403,7,0.27227215286448525,0.3236842715168884,13,0.8072118450936241,0.3292100236062955,0.9999908270739849,0.20707650401206373,0.1,0.9169983647383679,0.767590298,0.5382710351945289,0.6055632591473841,0.3436987954943661,0.7343598686402995,8,0.49624780741952856,0.1,5,0.18945227824479902,0.4161691271620769,TournamentSelection,3,97.08998709,26.24525853086737
39,2026-06-19T10:03:32.472281+00:00,63.32254810578378,1.2854165443021084,13.316838340077087,5000,5000,10,EliteGeometricEliminator,14,0.20889972729343098,0.12987051975771396,0.9999906668171724,4,0.39882058305195967,0.7739560989352576,8,0.7534141033564493,0.3793519120769435,0.9999945746335848,0.3735592096465763,0.1,0.7896565353112355,0.6496664325316792,0.19796341479982438,0.6268710058319595,0.6760388943020734,0.27916466831784625,3,0.36778672609688046,0.8153690386712713,5,0.7628843801754609,0.851958991,TournamentSelection,5,99.67413812371267,26.97095808785489
40,2026-06-19T10:16:26.259760+00:00,65.25763014778377,1.1892404359284359,17.186877768414305,1000,2000,6,EliteEliminator,1,0.18708674138934067,0.780208189,0.9999986314300369,5,0.640171304,0.9036244052237864,13,0.1012958449683767,0.4046628912630126,0.9999974158992908,0.7616741176033304,0.1,0.7956643037250594,0.7407938087906232,0.2135661586548705,0.6183819252462923,0.6881462796645352,0.21529103040103523,3,0.671797395,0.6028307920104063,5,0.7302278149379439,0.9894017016317751,TournamentSelection,4,103.02833074413167,27.486929551435885
41,2026-06-19T10:17:59.219596+00:00,61.83790281198459,1.3351738002226918,3.7811181915989343,200,2000,29,EliteEliminator,1,0.3242606969503846,0.4383535591567973,0.9999952150547801,5,0.4352912618095385,0.39419288474054803,7,0.22315989181163365,0.5387461379227619,0.9999984189783608,0.4321822887565344,0.1,0.43189792701049823,0.7613424120646797,0.2384258932494159,0.6290902039445913,0.6909569807859525,0.3064263089725823,3,0.5062966617215361,0.2934206854937461,5,0.5293801729212865,0.3542840078226117,TournamentSelection,4,96.75338070033871,26.922424923630466
42,2026-06-19T10:21:13.114971+00:00,61.99272266624461,1.1606694861707514,13.071583771429456,500,2000,10,EliteGeometricEliminator,1,0.4157145401072105,0.6903433802318583,0.99999064,9,0.4876357579093694,0.7198908551284984,17,0.852900024,0.7211316645676743,0.9999992343336087,0.4841022539298062,0.1,0.25389074860053595,0.6696170508673842,0.23429255610703303,0.6123920865028903,0.6703987695664184,0.300456343,2,0.5345718025391479,0.3126242530533272,5,0.5622806924110549,0.6567136547137046,TournamentSelection,4,96.69464596735935,27.290799365129867
43,2026-06-19T10:21:55.399630+00:00,64.24280636,1.6251407294825424,14.549187944626933,50,2000,17,EliteEliminator,7,0.14051428254249754,0.2415985098892386,0.9999990517974318,4,0.4118939656706623,0.6370548888084502,11,0.4513870130874851,0.38114380412854476,0.9999935014996281,0.6615804878264141,0.1,0.8901555982973659,0.6513894298125185,0.21915242665766133,0.6439107699251702,0.7313898109302949,0.4815828021235019,5,0.6187037421879358,0.6324749291580897,5,0.753550629,0.7057072759671759,TournamentSelection,4,102.36268708726685,26.122925635113965
44,2026-06-19T12:59:46.853829+00:00,62.42344218947001,1.5609713960929006,11.634335124084423,5000,2000,15,EliteGeometricEliminator,13,0.38298895203283007,0.9036384374616919,0.9999993864051132,8,0.5269856638582849,0.9899079490165635,20,0.41943539881961944,0.7104716063433122,0.9999981491523504,0.3926625489764023,0.10798014335474089,0.44224392528721146,0.25632203479525817,0.4298704455990121,0.49842268325846306,0.2364448552300365,0.38858060506987113,5,0.5554571269966795,0.51453498,5,0.4058205994950196,0.5083327647516912,TournamentSelection,5,98.21908578085491,26.627798598085104
45,2026-06-19T13:07:35.490706+00:00,60.28230679172319,1.4483809528968414,10.997503650570536,1000,2000,21,EliteGeometricEliminator,18,0.17288350919467685,0.8264253440850214,0.9999995822317915,3,0.1991206401920927,0.9273536462482099,5,0.8294194920852654,0.5447940610195262,0.9999996610992856,0.3668956775183937,0.10702265695306712,0.5632166344984931,0.6494672567581121,0.2993898905378165,0.5247682940142646,0.6821629950914446,0.8214768967623202,4,0.7434199037444782,0.5205609535855704,7,0.7782602909865483,0.2895758231566068,TournamentSelection,4,94.07502642519475,26.489587158251616
46,2026-06-19T13:51:45.309726+00:00,63.26575064287826,8.757636918027407,8.939793329711872,5000,2000,16,EliteEliminator,1,0.48210806088392194,0.6131093887632015,0.999996319,2,0.7400839735868213,0.12329238158136169,17,0.5032120265677202,0.45026221012142387,0.9999935681484327,0.38267239973509826,0.1,0.8105522077161902,0.8,0.21117456338257107,0.5913501289667148,0.1256332711112757,0.3680413424144169,4,0.5475086204548884,0.8092271626627883,5,0.4459681343737577,0.6474738397469428,TournamentSelection,5,99.07368478,27.457816504771717
47,2026-06-19T14:33:02.792715+00:00,62.939405540393054,3.904806974110395,14.59991547610693,5000,2000,15,EliteGeometricEliminator,12,0.085076933,0.2105606989624561,0.9999979815097546,1,0.21516582026094475,0.20662227025934585,10,0.18020080454562662,0.4732581527835279,0.9999910527120475,0.41207167387974397,0.1767743136860755,1,0.6986296581604114,0.21703403308919667,0.5926434705828841,0.7729654881981021,0.9926960006650908,5,0.24264771865876078,0.8231643394905898,5,0.29042534850006274,0.3300118449844497,TournamentSelection,4,99.49252071176244,26.386290369023673
48,2026-06-19T14:33:51.704051+00:00,62.36902003632829,1,15.062481369608701,50,2000,28,EliteEliminator,1,0.3192190767799072,0.13376040140578482,0.9999983677517017,1,0.5055665916407649,0.9885709284676432,12,0.6294263687904957,0.6170177288331249,0.9999919450390092,0.46054321643018037,0.1,0.5185336116856103,0.34613812778678205,0.6371925180266734,0.5386297575092693,0.8339767966604595,0.15547926583535157,2,0.7372676137272101,0.6648074998647233,5,0.7460003132630415,0.8432464217184135,TournamentSelection,6,98.33659843387221,26.40144163878436
49,2026-06-19T14:36:59.877517+00:00,61.04881282261064,3.446418409183217,13.124486486546488,500,2000,16,EliteGeometricEliminator,3,0.2697799871636721,0.39909265564917995,0.9999988992119003,4,0.6560317674011931,0.12194753734891685,17,0.7908082217361767,0.3061192025026479,0.9999951278815734,0.6264441843173384,0.1,0.5231168030193706,0.7039705209814875,0.21006476856064366,0.5931973338200717,0.7128883009987187,0.500144121,4,0.5290574920267487,0.26248202288573996,5,0.15013792177959212,0.8919889139065844,TournamentSelection,4,96.93836031428461,25.15926533093667
50,2026-06-19T14:54:48.151512+00:00,62.15858138830056,1,17.444130985394203,1000,5000,6,EliteGeometricEliminator,16,0.30875964719367954,0.4931444300436715,0.9999984055265824,8,0.41435917116483945,0.11635988267385744,5,0.6173980047520897,0.8214911909781234,0.9999909432914897,0.6713352428008164,0.6665546140268712,0.8338483294913389,0.5186387542444422,0.1379160932049867,0.6971752716069899,0.8759916787149912,0.401624076,3,0.8504763072800752,0.8665708305957023,5,0.9,0.1,TournamentSelection,2,97.59211857395948,26.725044202641634
51,2026-06-19T14:55:27.094483+00:00,61.47445198215061,2.0303728938032095,14.710130668477676,50,2000,10,EliteGeometricEliminator,19,0.21917821189072562,0.40406827868945394,0.9999982155135462,6,0.8521090173739392,0.14389837478207462,6,0.6591830399012351,0.1,0.9999981921562532,0.3754900589626943,0.1,0.9787073073706124,0.4519870274487452,0.32543851872652835,0.8289023206838219,0.8240987736159687,0.48825332053018455,3,0.5511266057283039,0.9035211470345352,5,0.6223931820410488,0.4911430087712021,TournamentSelection,6,96.31064122,26.638262744222725
52,2026-06-19T15:07:35.175801+00:00,64.66767617049918,1,8.616093049,500,5000,26,EliteEliminator,7,0.20759870221895033,0.5500924339973101,0.9999947605736819,2,0.8939439567450157,0.23271967131868063,13,0.6707801286372935,0.5526206384401348,0.999993556,0.6301917942715138,0.18806445353687906,0.8637497340520075,0.6447137922023775,0.1,0.5225863637566115,0.9,0.3227186083110708,6,0.5054366553322693,0.5382532735547801,7,0.6016589672139461,0.269798762,TournamentSelection,3,101.11076276735119,28.224589573647165
53,2026-06-19T15:12:54.001023+00:00,66.04445026735866,1,18.11253232652655,500,2000,12,EliteGeometricEliminator,4,0.12811550407412803,0.1,0.999995632,3,0.6444670657792659,0.48644537683028954,10,0.11512546703383376,0.4391824977349619,0.9999934852606127,0.49878779068024925,0.9127243113070241,1,0.6635309731569777,0.20503729880995752,0.7544726961182106,0.41860198230301304,0.7129266133020202,6,0.21128236934033423,0.4136167756033774,4,0.9,0.26161802437860915,TournamentSelection,2,104.01697957990419,28.071920954813127
54,2026-06-19T15:13:32.262369+00:00,62.895004366491186,1,5.939638521815125,50,2000,23,EliteGeometricEliminator,3,0.21076081736167307,0.1,0.999993246,1,0.6436735830454384,0.5183868944097171,15,0.623367486,0.405480018,0.9999964759476726,0.14694862598266234,0.7087874760842668,1,0.6058585547714913,0.1670544256156697,0.7506203898287501,0.3980544006405784,0.7445856709449216,5,0.20311050575682799,0.4813846349973896,4,0.9,0.12058016866007888,TournamentSelection,5,98.36907022293778,27.420938510044593
55,2026-06-19T16:04:20.217852+00:00,62.95339985000628,1,17.814345645229448,5000,2000,23,EliteEliminator,6,0.12409930570447912,0.5120814188007294,0.9999935489506712,7,0.7938403642535533,0.32385556047538344,15,0.34263711122229457,0.6538163769180317,0.9999957279398654,0.39363522997311595,0.18516705557548513,1,0.7238798719210654,0.2257496870432736,0.7069355395876833,0.4132580005192442,0.8759001795856064,4,0.24127019290962615,0.4909732702846251,5,0.9,0.29981577406804477,TournamentSelection,2,99.21452403057165,26.69227566944091
56,2026-06-19T17:59:28.920983+00:00,63.966446210405906,1,15.098032211390473,5000,8000,4,EliteGeometricEliminator,5,0.10911671816073337,0.1,0.9999973770468932,1,0.5543486736487462,0.957057653,11,0.1,0.27132144286360027,0.9999945145172078,0.38152110441939524,0.3233136751822522,1,0.6573748448586829,0.22588070018975992,0.9209525067783401,0.6312151306089036,0.5493223863947162,5,0.32583570865220357,0.7292122238156008,5,0.9,0.1,TournamentSelection,2,100.76062284055246,27.172269580259346
57,2026-06-19T18:12:00.162298+00:00,64.04475395,1,19.419889525141073,1000,2000,12,EliteEliminator,10,0.3368622498607923,0.7550459058822031,0.9999974526888327,2,0.43316967355169267,0.8323787170167458,14,0.8091959803891522,0.27623662670339455,0.9999906613439736,0.7612809577041555,0.30873826888503064,0.15139708854247025,0.6461791967537918,0.1,0.5067503704054586,0.9,0.7124474678782566,8,0.3303927405099629,0.710274412,7,0.5894360889244159,0.6597244859382733,TournamentSelection,5,101.68365125133163,26.40585665482359
58,2026-06-19T18:20:24.728816+00:00,61.32223068848525,1,10.979459651684486,500,5000,13,EliteGeometricEliminator,4,0.2142944511180317,0.3088364279841378,0.9999951974418432,1,0.20802848132296675,0.5972619880694812,5,0.8182338942722015,0.7975347278436153,0.9999991086877016,0.7996452268405835,0.20902887852160718,1,0.6322095812792874,0.1,0.78582081,0.9,0.22864492957129265,7,0.5674823208501697,0.5213626976084206,3,0.9,0.9155949464352398,TournamentSelection,2,96.01222592110751,26.63223545586298
59,2026-06-19T18:21:43.455289+00:00,61.64803868153018,2.3839092954099383,9.509003666702629,50,5000,12,EliteEliminator,5,0.41803876607264145,0.7336983346104502,0.9999980488461268,8,0.18077154456179254,0.1317405704131459,7,0.6003446826834047,0.4333836615730031,0.99999,0.6145588421576287,0.4500658882050502,0.4196499092165792,0.7945884131397031,0.7739973784364635,0.5502134198928081,0.6662747568363326,0.5327662556837005,2,0.6465904625849286,0.5410713282162647,5,0.5041687154900346,0.8184239259350643,TournamentSelection,4,96.85743343925141,26.43864392380896
60,2026-06-19T18:24:39.534723+00:00,63.16114312365141,4.471889185721677,8.141096698826235,500,2000,29,EliteGeometricEliminator,1,0.49379420760189263,0.4754849310886874,0.9999905839918843,2,0.38182246465083247,0.5574938013134204,7,0.21264600448238044,0.9658573444077694,0.9999924267256868,0.48798181211018965,0.13093014730044383,0.2973906962655573,0.7146296687885196,0.1,0.8063756494646168,0.48746658904823326,0.8228167317681616,2,0.32465233686004763,0.9552436626476875,4,0.9,0.3619500903738756,TournamentSelection,5,100.68022156855295,25.642064678749858
61,2026-06-19T20:31:09.585369+00:00,64.13895304547721,11.557554964418358,17.325970468329473,500,2000,8,EliteGeometricEliminator,1,0.48299081014580336,0.1,0.9999930141985257,4,0.8830586408548464,0.5267870296818818,16,0.367375206,0.12004352817770317,0.9999921793922945,0.4425376287848998,0.5699122057877603,0.5290165390808748,0.3837068719488437,0.24454644002357864,0.6032965288147072,0.5841937840721593,0.6629399423638493,4,0.6253774762749125,0.8520780229343707,3,0.9,0.8526051676558148,TournamentSelection,3,102.91724054935266,25.360665541601772
62,2026-06-19T20:32:52.239758+00:00,62.68648814572103,1,19.11774476748362,500,500,22,EliteEliminator,1,0.194646561,0.7464385024701045,0.9999980064129265,2,0.11557630517875955,0.9313086705489666,17,0.5815260443184732,0.1,0.99999,0.5531433904594127,0.4019580954762527,1,0.261013897,0.1,0.6406619572229132,0.5327626658718365,0.3508933383290078,5,0.6776820914672321,0.3237879010309787,5,0.9,0.408066719,TournamentSelection,6,98.83079102331787,26.542185268124186
63,2026-06-19T20:38:32.520915+00:00,63.867725808866524,1,14.92600067464893,500,2000,8,EliteEliminator,6,0.40483177587893443,0.6077907351106024,0.9999902385713348,6,0.19544815846651292,0.2886331149266452,15,0.304990285,0.2919961663312506,0.9999907808705907,0.6067328790520592,0.23948512118083332,0.24843046372779085,0.7142023363776658,0.15031709141305122,0.5338455717464556,0.2944328747695758,0.485145231,2,0.7240709959502895,0.8018548976701694,3,0.4303048749593076,0.6523641009093147,TournamentSelection,5,100.53353470691674,27.20191691
64,2026-06-19T20:43:11.647751+00:00,64.16884573557869,11.246950436654135,6.870096493958986,500,2000,1,EliteGeometricEliminator,1,0.11041660711282389,0.1,0.9999921387403553,3,0.2599399015298849,0.8078431167562242,19,0.21888631169338602,0.26485093937274734,0.9999935355501145,0.5511113257856111,0.37340629002301406,0.7621683531040025,0.7376939412326504,0.17676593229699325,0.7302930781794273,0.8949680667457133,0.33293864014191604,8,0.8558399325363151,0.20728013900643993,7,0.9,0.6641974938980855,TournamentSelection,4,101.38829679464935,26.949394676508025
65,2026-06-19T23:32:50.614051+00:00,61.248483713043186,1,14.885969952266239,5000,2000,6,EliteGeometricEliminator,1,0.44295044956793855,0.1,0.9999973528803118,6,0.6816882328851162,0.7807862732894458,13,0.8445493380842934,0.6608884600433377,0.99999,0.2214703412074931,0.2102210086084501,0.4871380481830382,0.18748756828246993,0.3424582731404062,0.48549374150633307,0.9,0.2419476760038003,5,0.8431140615173905,0.4268166161462006,4,0.5748126903894817,0.1,TournamentSelection,5,95.82694473799012,26.67002268809626
66,2026-06-19T23:42:14.045820+00:00,65.92081683269375,1,16.240038070949566,1000,2000,21,EliteEliminator,3,0.35074068154816823,0.5248905795273077,0.9999992835438466,6,0.6482506288107469,0.8524153427716207,17,0.3154650121520273,0.25247880479156515,0.9999932135034887,0.5080270576038293,0.34697108219188844,0.9436187104673852,0.7563931676551674,0.1360622848930667,0.625794716,0.6462469527415841,0.414683111,3,0.24547848763325522,0.6474261847319658,7,0.858253489,0.3509013022635713,TournamentSelection,5,104.22079395732895,27.62083970805855
67,2026-06-19T23:52:23.941659+00:00,63.650672861440285,10.125642307857646,16.842326753211328,1000,2000,5,EliteEliminator,4,0.48159046139621275,0.33966213313393034,0.999999164,9,0.4428284810793316,0.18016270323758776,18,0.17816289289290943,0.27523415676884994,0.999993178,0.6846897322899625,0.19825977117503235,0.33472823971379484,0.7574391452276862,0.1266923188989983,0.6246237910082537,0.6558095399405104,0.11960651337065795,2,0.1940107277403392,0.761990123,6,0.849594133,0.3026772476831684,TournamentSelection,5,101.24218931916181,26.059156403718763
68,2026-06-19T23:58:06.281771+00:00,64.32629900281161,1,18.248671729554662,500,2000,5,EliteEliminator,2,0.1660472851045433,0.1,0.9999993364631612,1,0.6209075223085356,0.8455891208539462,5,0.1,0.2092229904189624,0.9999940212253594,0.8,0.19379657669465228,1,0.73020144,0.1,0.5741062389381036,0.9,0.25899351700429285,5,0.6758248580221105,0.440138775,6,0.8252462269888484,0.35270603939181233,TournamentSelection,6,100.69129096772153,27.961307037901683
69,2026-06-20T00:05:36.146495+00:00,60.97092656158135,1,2,1000,2000,30,EliteEliminator,1,0.14453535377393756,0.95,0.99999,1,0.8680276635489912,0.7638400519819438,9,0.8317043815933496,0.1,0.9999900592314048,0.7923726082595819,0.8357505341332232,0.7522273723103389,0.8,0.1,0.8577098131625135,0.9,1,3,0.1,1,8,0.8781360497165288,1,TournamentSelection,5,96.17722687945162,25.764626243711085
70,2026-06-20T00:53:41.016428+00:00,65.97235233503756,1,16.32669850139934,5000,2000,20,EliteEliminator,1,0.4397705424858733,0.5276165474321862,0.9999966666796972,5,0.13950497595196687,0.8007621927061178,19,0.34381368772633764,0.11090104324273506,0.999994719,0.10090648637663799,0.10075751320834447,0.6154701259193375,0.6715955343951937,0.1,0.5323152899626126,0.6915263660303408,0.298895211,5,0.2200034780601335,0.46257809656435467,7,0.5795156399442769,0.9716713174946582,TournamentSelection,5,103.86744324816428,28.077261421910837
71,2026-06-20T00:58:20.514342+00:00,65.32996691483618,1,16.94969581108445,500,2000,24,EliteEliminator,1,0.1048982733989236,0.5386790280745469,0.9999963777883853,5,0.373885151,0.8220644806069503,16,0.26222543575491514,0.322831658,0.9999906439195883,0.5568253024976026,0.7934366054589587,0.7580477512387496,0.6729838775023665,0.1,0.5327995621186266,0.6888445396695256,0.3332143103488147,4,0.35687703847864294,0.6375224034181995,5,0.6037896436459638,0.5224770404426663,TournamentSelection,5,104.44847299121821,26.21146083845415
72,2026-06-20T01:48:48.442624+00:00,64.55624042033695,1,14.662878563543893,5000,2000,27,EliteEliminator,8,0.49716633860863324,0.4454640085744459,0.9999969811800408,1,0.4070465970844288,0.8756176724277153,10,0.8691483754927696,0.22859171931727112,0.9999908657005697,0.11711070492830299,0.36185934848582046,0.47533211954078736,0.6388868498047594,0.1,0.5629061163796077,0.7276692243607086,0.5787388109488478,3,0.7394449529112779,0.8803160350820958,5,0.33191924047208043,0.41594701374314136,TournamentSelection,5,102.11953206957324,26.992948771100657
73,2026-06-20T01:57:13.338389+00:00,65.32004892872656,1,13.169366727442663,1000,2000,6,EliteEliminator,1,0.40086315132646383,0.48201295109992615,0.9999921027922456,8,0.2503816926879676,0.2682819834530782,20,0.1,0.6794901068958878,0.9999983414993702,0.583308663,0.5709338602141075,0.8926753804331098,0.6726828671685492,0.1,0.5654709686931514,0.7274631309946649,0.8550331554550425,2,0.5089946667155245,0.6382838627422708,5,0.5660744396612728,0.2781537894023551,TournamentSelection,5,103.4901451315567,27.14995272589643
74,2026-06-20T03:30:59.420420+00:00,64.58710055589984,1,18.15439605748916,5000,5000,2,EliteEliminator,18,0.4596795740335163,0.4796672729032482,0.999997852,5,0.2528823785312978,0.12302160818495314,9,0.8926267839767799,0.10110368087805295,0.9999948849689597,0.1,0.3723453286782836,0.8640226346338555,0.6692229821557768,0.16112664765434376,0.25151191512482063,0.3314211701322136,0.19213493923549013,7,0.5721236815531093,0.6728880347027667,7,0.47848928000001256,0.7161498553837513,TournamentSelection,3,102.21410538778547,26.96009572
75,2026-06-20T03:34:29.675852+00:00,61.68095011229484,1.0471449101814065,2,500,2000,22,EliteEliminator,2,0.086406123,0.4429041206398737,0.9999990045157618,2,0.8725082159649954,0.6058633557293897,20,0.3311988044212544,0.8101425902239486,0.9999927482464372,0.7417289927229878,0.6333058512665037,0.7178370312159128,0.587848821,0.7760717371104341,0.27416351026215985,0.2317787977697533,0.7411364298999219,2,0.6611317100397953,0.7394846066524648,7,0.3519979734616355,0.4855055895334369,TournamentSelection,6,97.34878341,26.013116818885578
76,2026-06-20T03:39:28.772443+00:00,63.14584321351624,1,15.289930134640327,500,2000,12,EliteEliminator,1,0.4197733085053858,0.5771098283435715,0.9999980662834764,9,0.5545651186789169,0.6328274115249248,16,0.198769352,0.21799759475409577,0.9999984368136499,0.2162310847573537,0.5559541854708262,0.6862420310273379,0.7137457166804344,0.1,0.4718679254237489,0.6944534994708041,0.3996075532989187,5,0.49577059268849455,0.11371426973030485,4,0.7918045728392658,1,TournamentSelection,3,99.26075142249925,27.03093500453322
77,2026-06-20T03:40:09.136841+00:00,61.54431916655949,1,18.801165425461537,50,2000,8,EliteEliminator,5,0.3120658798023775,0.5827076075058486,0.9999955718484519,6,0.2800809909473667,0.48648641556978267,10,0.7381090057075222,0.27476561505539443,0.999999133,0.4885628594414778,0.1,1,0.665905526,0.1,0.5883414741262551,0.9,0.718187427,4,0.3375284805856813,0.2932832104953787,8,0.710865926,0.18321482098876635,TournamentSelection,5,95.68291640121441,27.405721931904566
78,2026-06-20T03:49:02.212773+00:00,64.60448832920255,1.3693807471885873,14.53971548562828,1000,2000,14,EliteGeometricEliminator,1,0.064402258,0.6680230148083731,0.9999928232944458,1,0.6040562012666223,0.5176089473276221,11,0.4443975273097538,0.6693755017495951,0.9999915693057868,0.601982656,0.19543319890509128,0.6244987953919479,0.5395832319339949,0.28263899429768313,0.7302759661246623,0.5235177171905651,0.27114310588295365,4,0.6308635300497418,0.3725588694590949,8,0.9,0.2280083403993449,TournamentSelection,3,101.42675542789327,27.782221230511826
79,2026-06-20T04:11:31.947562+00:00,64.97365636420886,1,13.478162207324733,1000,5000,26,EliteEliminator,5,0.3325729357842722,0.3272469651870301,0.9999936963196322,1,0.29850694312359627,0.4054895066282451,11,0.2543753091185341,0.4461412226701579,0.9999948784329985,0.6573513606518692,0.6859794455786072,0.5883876821385122,0.6796300378447063,0.16232289661488117,0.555572303,0.6845276299571414,0.9397471958725011,7,0.7062613888770078,0.5609812032607565,7,0.5766025495933284,0.8284547179600361,TournamentSelection,6,103.72035196862946,26.226960759788263
80,2026-06-20T04:15:34.450127+00:00,62.46776263798314,1.2620745758993848,10.385498747761664,500,2000,28,EliteGeometricEliminator,1,0.19373188200996316,0.1,0.9999991629716206,7,0.7038800522944141,0.35863023933929894,16,0.2377175603858622,0.4110308308154986,0.9999912062778235,0.5263444477053714,0.722478682,0.9590137534322315,0.5685186546585251,0.29436805944410555,0.8340941420798877,0.47395477670224706,0.8948811077318936,3,0.10437331023850178,0.3296587137807986,2,0.9,0.44428921776337915,TournamentSelection,2,96.78083826074399,28.15468701522229
81,2026-06-20T04:20:01.778179+00:00,63.99659970214574,1,20,500,2000,21,EliteEliminator,1,0.24553781470675579,0.40076136985759236,0.9999971476879674,2,0.48634522251104095,0.6172390988576484,16,0.33665481257547314,0.36209844284127835,0.9999944534848608,0.4629096244825006,0.24677489505672165,0.9103113020955063,0.8,0.1,0.5622744609967191,0.7328895587246027,0.24425118094883116,4,0.5565796841281084,0.5058882768994365,6,0.6906451333903523,0.6011392052073885,TournamentSelection,5,101.82190934621183,26.171290058079645
82,2026-06-20T04:23:21.125572+00:00,63.387121678034056,2.501894058282101,20,500,2000,5,EliteGeometricEliminator,1,0.303247132,0.7773181925878418,0.9999931656240513,7,0.23807528611692177,0.7874565665793337,19,0.4911529342486183,0.29777585423684727,0.9999935790606689,0.1015371742142186,0.3575963840739862,0.6871511661341472,0.7333631158992551,0.2007770608861454,0.7511794368353082,0.4581674729867502,0.5856368452218793,6,0.14030299169062982,0.4140577529495496,4,0.9,0.1394535292565588,TournamentSelection,4,100.53735918915397,26.23688416691414
83,2026-06-20T04:27:54.367218+00:00,64.04982209458045,1,17.448380806411834,500,2000,8,EliteEliminator,7,0.24887551849598594,0.2588740387583425,0.9999972534649366,4,0.40338094164520677,0.6226117682880258,14,0.19519703263734506,0.3169873650865474,0.9999935211874801,0.5453064330532806,0.643876271,0.7543981466899186,0.6162721522197625,0.10479463603599574,0.4785226761582806,0.6587935749896637,0.542032714,4,0.34039981513600415,0.5470083803315821,5,0.5512691973944075,0.30390502619760673,TournamentSelection,4,101.4537469750998,26.64589721406109
84,2026-06-20T04:45:32.926500+00:00,62.89871825018571,1,6.035055612444177,1000,5000,18,EliteEliminator,5,0.2521005524988802,0.47773600747473943,0.9999976208317525,10,0.8221802257170697,0.2448908920266733,8,0.2476173346862679,0.6250339321235472,0.9999985587755817,0.14792089744395354,0.1627352662224632,0.6816254381847016,0.7039655731159467,0.13565162162025332,0.6362989268034143,0.7955961731927421,0.4056061390507911,3,0.7008730064127204,0.6548260607082506,7,0.4191735810806211,0.19545494373526262,TournamentSelection,5,97.65623063307991,28.14120586729151
85,2026-06-20T04:55:45.749721+00:00,63.69296577015032,2.8184785590254187,14.694787840343162,500,5000,13,EliteGeometricEliminator,19,0.12483943597959114,0.7466270484195949,0.9999980138903155,4,0.13386111648956134,0.3928328154889812,11,0.7159313760946366,0.5655444154905832,0.9999969994874336,0.23995211526863572,0.278082148,0.9824796237899265,0.6852305083243568,0.3628137950058714,0.7689006883565628,0.46551183282250375,0.5680831284237312,5,0.1717538816577594,0.3642473181416994,4,0.5646820167758363,0.3360895566371366,TournamentSelection,5,101.6978387356342,25.688092804666432
86,2026-06-20T05:08:29.856169+00:00,64.39519601196416,1,14.098846610132393,1000,2000,24,EliteEliminator,11,0.1561900894232597,0.7371015211200667,0.9999925063422543,2,0.37555490056499674,0.31932981044044173,19,0.4505659410492282,0.1465934181501013,0.99999,0.4760668187253877,0.568409522,0.4928864310512717,0.6149697218265033,0.6465413001591146,0.5821130258873569,0.6449292521377504,0.40620709168643887,4,0.45290695830650807,0.1742998864720396,7,0.7036841797222941,0.5864705449904112,TournamentSelection,2,102.51090148704685,26.27949053688147
87,2026-06-20T05:14:53.465244+00:00,61.91798840595251,2.139882200195333,6.516662955,1000,2000,19,EliteGeometricEliminator,11,0.33819056301748907,0.1,0.999993331,3,0.779769707,0.28985740637104285,7,0.5027203054598993,0.8134348027975561,0.9999934668699673,0.29403455685057556,0.95,0.5661211618720333,0.6676609685050336,0.2093838065573869,0.775729878,0.17278868882788523,0.6195919273302943,3,0.5739510366715542,0.8885417796082581,5,0.7067675044846136,0.4139723416083073,TournamentSelection,5,98.14045331,25.69552350088931
88,2026-06-20T05:15:47.093864+00:00,62.93719901350745,3.0708738802583704,19.672212757799443,50,2000,15,EliteGeometricEliminator,15,0.14992164161063934,0.1,0.9999905363617669,1,0.8938919586458794,0.5336411887430983,10,0.7023662688241402,0.27969880996130553,0.999992036,0.7740820522412516,0.4021390080190216,0.659368055,0.6893403412649138,0.2177748278249635,0.8194964574409037,0.4809783243888638,0.7927554607812873,6,0.6049386252537927,0.22440399363708108,6,0.9,0.49610301359202313,TournamentSelection,4,99.67840149021754,26.19599653679737
89,2026-06-20T05:29:35.985944+00:00,61.66902759641847,1.6748280310805406,14.56547055497956,1000,2000,10,EliteEliminator,8,0.44053592583329154,0.6324777362285275,0.9999946445394677,5,0.19111695914786528,0.6395180102257739,8,0.5622426991039995,0.41757375548531517,0.999993832,0.4486879717340172,0.1,0.9781596985544236,0.7484655551426059,0.1,0.5553712406115985,0.7972040806022228,0.4900205252716713,5,0.6824263406073623,0.6368915968727584,5,0.658486277,0.7788595561747138,TournamentSelection,5,96.58920394926214,26.748851243574805
90,2026-06-20T05:36:51.300406+00:00,64.42110637,1,3.614710070131032,1000,2000,16,EliteEliminator,17,0.3529195803276838,0.6773622667633443,0.9999969813264666,3,0.5587972596947012,0.8300175210767464,17,0.2906533644244528,0.9183273262597248,0.9999928145699161,0.41602790308250304,0.10413363301525395,0.1708030698901704,0.6398746815493995,0.47911500059767664,0.5782689641660609,0.6505376953709019,0.26141401258829433,3,0.17530309173109337,0.23073405574867945,6,0.7414740707646946,0.6717311929215734,TournamentSelection,5,101.52450401708764,27.31770872309535
91,2026-06-20T05:50:07.377188+00:00,64.94708047,1,16.107543161717167,1000,2000,23,EliteEliminator,11,0.2564036814317692,0.739280409,0.9999997324254976,5,0.2657851178590547,1,18,0.3347180374985813,0.281284396,0.9999937746935479,0.6994956480562428,0.684090007,0.45333421897092707,0.6407656,0.17860584154119305,0.5951466266430947,0.6919632358511788,0.6900949632686717,7,0.8636073394721769,1,6,0.40692091497325833,0.5954788497260104,TournamentSelection,4,103.6858667293973,26.208294200880285
92,2026-06-20T06:12:01.115103+00:00,62.89905906014263,5.7275568244931225,16.85512242834168,1000,5000,5,EliteEliminator,1,0.23197153615892563,0.22608890178622645,0.9999936537339592,4,0.21905814665849174,0.9189333359599046,16,0.1,0.7841883804587695,0.9999928012624834,0.3445998800904173,0.30217789973156756,0.7200729441877203,0.6578541979156571,0.34881214277999373,0.6322341143569563,0.39109991704606484,0.1,6,0.47193558369965927,0.8986111362980771,5,0.1880456703315793,0.6310783329143049,TournamentSelection,6,98.75294677129321,27.045171348992064
93,2026-06-20T06:28:07.871587+00:00,62.596316697938164,1,18.700664186523756,500,5000,7,EliteEliminator,14,0.24815597663380312,0.9077882081926235,0.9999968672970038,4,0.8203377015082717,0.7808381509499538,19,0.4786485704120048,0.1,0.9999952316269598,0.32166661760401905,0.34167872787915965,0.2581062426100471,0.610138116,0.2903734535513799,0.6231410511047718,0.7830428072050215,0.7492880139233679,6,0.7305056176109218,0.9309789704365176,7,0.6615436460573243,0.1837687068693281,TournamentSelection,6,97.47916493094537,27.713468464930955
94,2026-06-20T06:31:24.279055+00:00,63.51033683142117,3.7776792534392474,11.381451472653756,200,5000,1,EliteGeometricEliminator,3,0.23304579589365365,0.24855739783052216,0.9999991946899711,1,0.26972892488767186,0.7116161458224659,10,0.1,0.5971331488341141,0.9999930123734859,0.5874202372921636,0.9128238551386458,0.22629869532678878,0.6404541745869364,0.337741808,0.7659234962057961,0.47543013457545025,0.5740183951330631,7,0.45886167743803774,0.22288079140715505,4,0.6939987464946782,0.27970849162540684,TournamentSelection,3,100.58619537007871,26.43447829276363
95,2026-06-20T06:33:44.154406+00:00,63.16009239851883,1,12.872831032485134,1000,500,1,EliteEliminator,1,0.2510283833437233,0.4482035746116153,0.9999962489886479,1,0.1,0.1,5,0.1,0.2589457762815027,0.99999,0.5925198329504395,0.17812294983697258,1,0.2740418435906923,0.1,0.1,0.1,0.2588023536754225,7,0.7953241072981058,0.18090242483301483,4,0.9,0.1,TournamentSelection,5,99.73604638178902,26.58413841524864
96,2026-06-20T07:58:54.565484+00:00,63.40257633672767,1,18.357073904088285,5000,5000,4,EliteEliminator,1,0.22865311686568202,0.5959291591751977,0.9999950896329214,1,0.7727206799944908,0.5094219928377347,20,0.1,0.13576067646843737,0.99999,0.7895439406960224,0.7103502283358679,0.796289891,0.6571370813698498,0.1,0.5526902133452106,0.6504179957861511,0.1,3,0.3931462643935487,0.8501806318308258,2,0.8000101066987576,0.3453377561611769,TournamentSelection,4,100.13811051162466,26.667042161830675
97,2026-06-20T11:49:14.818189+00:00,60.62587635310937,1,3.5603521394662456,5000,2000,19,EliteEliminator,1,0.21233203693410307,0.23941511261529766,0.9999913119763173,7,0.6466619066771078,0.12016561898292227,18,0.4278378060062148,0.20840436851351912,0.9999934441298168,0.10698551828021488,0.6204767817567639,0.8437117927992294,0.6887690959654011,0.181871798,0.940349218,0.6142320873976256,0.5246193229932722,4,0.8449981880073206,0.11286985115272812,3,0.7173764982279937,0.5567211708563982,TournamentSelection,6,93.19244076,28.059311947004133
98,2026-06-20T12:21:31.862504+00:00,63.94857147480803,1,8.418054386527118,1000,8000,24,EliteEliminator,3,0.4070878362872746,0.39210018679725434,0.999990026,7,0.2711236284825198,0.2725660523231237,19,0.5479602251572956,0.3351924741272476,0.9999967993937744,0.46312963224172166,0.41993316764961997,0.8142935182213757,0.6490775284693328,0.5670013402441861,0.5484624408251961,0.39317015334988226,0.8218758561889853,5,0.46265883487930004,0.6189504039175255,4,0.7989190286416318,0.8738555175429008,TournamentSelection,5,99.63152113464558,28.265621814970473
99,2026-06-20T12:24:39.298021+00:00,63.11181893573716,1,14.69762561,500,2000,1,EliteGeometricEliminator,1,0.45649378749676905,0.5365024789857554,0.9999925217967108,7,0.827623482,0.5983786155524313,11,0.8583876807526588,0.5768694092066644,0.999997588,0.42879143938449116,0.6721540962678444,0.6824838384993321,0.6888405149822425,0.5631104857860997,0.7164920499317455,0.8237205489163983,0.9743034944199793,6,0.38087358464132015,0.6277157616092046,5,0.16603193430988328,0.9380211047675895,TournamentSelection,2,98.24398332064304,27.97965455083128
100,2026-06-20T12:26:57.516679+00:00,64.86189345921132,1,5.776229962294833,1000,500,30,EliteEliminator,13,0.21479464512962504,0.3019554052902446,0.9999916686672695,7,0.4875602934140001,0.8962816754083444,18,0.14594990641577543,0.4406896067514464,0.9999930128778132,0.4021057533967265,0.5019138869379673,0.5261337418958467,0.6226015972355521,0.30380613,0.5461700684465389,0.7270381892769261,0.33847632754783114,7,0.7478814697725972,0.9080086995304675,7,0.3873152786435722,0.679376371,TournamentSelection,4,102.74233315145865,26.98145376696398
101,2026-06-20T12:35:33.649366+00:00,64.92373402268322,3.2890308165637023,16.441608839419366,1000,2000,1,EliteGeometricEliminator,1,0.18945809114249929,0.3901669865791423,0.9999935838597207,5,0.6100750283101462,0.43867774079652155,18,0.2523286134742208,0.7495046571329803,0.9999917272662302,0.33991578680558143,0.18763205583871115,0.5254824506223967,0.7491051448480397,0.7152565672087153,0.8711629696457247,0.703500675,0.6210432387983366,3,0.845978962,0.9036295390624554,8,0.9,0.5709537046891874,TournamentSelection,3,102.59236108384485,27.255106961521605
102,2026-06-20T13:56:43.950844+00:00,60.76777938164051,5.511143547386452,15.099063377191852,5000,2000,20,EliteEliminator,8,0.38277690538568926,0.3587938143810303,0.9999964779158835,6,0.20146705471668053,0.2602755265564576,14,0.16231298330980526,0.7001460073129375,0.9999968274725288,0.6403910531204815,0.13484574634011423,0.9862954477066733,0.4201574472549734,0.10383099686127095,0.8603729607152474,0.6674004037387361,0.3237938663747991,6,0.31919639902675745,0.6152761998623506,5,0.5256307674929993,0.3506271464230193,RankSelection,3,95.86629859424974,25.66926016903127
103,2026-06-20T14:10:51.882390+00:00,63.954394996985705,10.21127191108613,17.89967499285552,200,8000,26,EliteEliminator,4,0.20911432893278814,0.6403697365972947,0.9999995348015019,7,0.8938351998898695,0.79011168,11,0.5858567863797266,0.22692499095127694,0.9999904781792527,0.5736585776427878,0.7944412229441603,0.37714378841882934,0.27006944579868986,0.6131310651631706,0.32173220719230056,0.4805718542499038,0.5656718679388527,4,0.6717204617743249,0.2523489395998361,3,0.5678403494509777,0.5458443287110417,RankSelection,2,101.65199805198706,26.256791941984343
104,2026-06-20T14:11:33.349238+00:00,64.00633297767249,5.8931576353126705,18.537005390048787,50,2000,6,EliteEliminator,4,0.38819863910322344,0.5737393595787311,0.9999997320697769,7,0.4051785863131532,0.27806984149874175,13,0.45627712334627846,0.4250263775694312,0.9999999690492897,0.2610526384494614,0.8015006132745892,0.8836657124577756,0.14514248043779615,0.3980183849661446,0.8742287035187549,0.6268258296855754,0.8654163409969398,4,0.6765259873982941,0.7276637911336395,6,0.5651256106244934,0.5383431212653706,RankSelection,4,101.62896464886566,26.383701306479313
105,2026-06-20T14:32:38.696100+00:00,61.28344030372291,9.936355871930997,5.093688105138092,500,8000,16,EliteEliminator,15,0.4426836589894739,0.8751395322808511,0.9999938679526422,4,0.7700241480810671,0.6493891857639044,5,0.8717604725696007,0.5015046597625737,0.9999931408761746,0.14090635264458587,0.7171079252146285,0.3953897035873535,0.4376568256122232,0.8155676125630377,0.42167409466472294,0.27616887573864657,0.4847512633438519,6,0.5174905584595922,0.6281210743448693,7,0.8773712263084941,0.9322059168630037,RankSelection,5,96.43825164899356,26.128628958452275
106,2026-06-20T14:41:25.225116+00:00,63.720121710727156,9.795087857678904,9.884525356,500,5000,27,EliteGeometricEliminator,9,0.3426278457864932,0.40012126869877573,0.999996594,6,0.8059123898100345,0.3299996499889458,9,0.3143091025989634,0.9873916789318556,0.9999904168102954,0.44463529453226047,0.8417555374901088,0.8130378231332657,0.41808197769827193,0.14006717386947423,0.9549544159526819,0.620439982,0.14503047224423657,3,0.7195534678628457,0.950983824,5,0.45020556096748443,0.5898264705906926,RankSelection,5,100.68102865493421,26.759214766520095
107,2026-06-20T14:41:41.492962+00:00,57.84454163413933,9.074308197841253,18.908655276849892,50,500,24,EliteEliminator,10,0.290644322,0.7674913465711214,0.9999955742720364,6,0.5516802985129322,0.12011945867388199,12,0.8745393391925862,0.33422561722931954,0.9999964700626063,0.7605738793541008,0.6440278524245987,0.5291375184141912,0.10334874964904146,0.882132828,0.6443231517548647,0.7816162584157329,0.8881663373367715,7,0.3645408891762971,0.41439124277404527,7,0.8261648866472158,0.11028353305285019,RankSelection,5,89.59226890683126,26.09681436
108,2026-06-20T14:47:58.434208+00:00,62.10692020366865,7.787872943525479,15.956558818901886,200,8000,18,EliteGeometricEliminator,13,0.23993716367781381,0.723800112,0.9999963429957115,9,0.626282206,0.6505701831850911,10,0.47481245138496375,0.833689427,0.9999932736667017,0.3766523136411125,0.5391330249093637,0.8907001376072333,0.7638091312110356,0.11166362212980126,0.2024210522169703,0.7636009411040695,0.11712258268261223,2,0.6863994767123602,0.3960450633305125,7,0.24786391645754846,0.8070920507530881,RankSelection,3,97.78380717779056,26.430033229546744
109,2026-06-20T15:07:47.169519+00:00,62.80563653401087,6.977433744593438,18.560166075871695,500,8000,10,EliteEliminator,12,0.061610488,0.427870152,0.9999982594595644,4,0.5582051400987669,0.7213005640127927,6,0.3195931918414323,0.6017908053414212,0.9999984903454179,0.12661401427084368,0.5047044395100229,0.7292072326588203,0.7301181980787079,0.43565533798055944,0.5208905910171395,0.31003549114185047,0.316699042,7,0.8927248350248663,0.4250380036437704,6,0.20071927324215103,0.449308801,RankSelection,2,99.44654919567913,26.164723872342613
110,2026-06-20T15:57:44.597765+00:00,61.88714341824616,11.51025784940921,14.611186003184589,5000,2000,12,EliteEliminator,1,0.21680846944821702,0.6052220765526778,0.9999917590640559,8,0.4555214557987355,0.21219827524797277,8,0.3941085696997352,0.46419873650594934,0.999997461,0.7682996193888157,0.18755302966306792,0.9357400219644526,0.4196575428892715,0.3806557124311315,0.4324066278372599,0.4966081031539301,0.2816467439692942,2,0.8634927537857465,0.3559736374191166,2,0.4295470088473542,0.9605407370494511,RankSelection,4,97.5443643,26.229922533009926
111,2026-06-20T16:10:56.916299+00:00,61.548525120575626,1.0399333798021755,16.720940353947526,1000,2000,18,EliteEliminator,7,0.11866756407729995,0.8597623518946416,0.9999981327746451,8,0.1158780435853217,0.3128241993788134,16,0.4619134126084652,0.7780821652611649,0.9999916664968314,0.5303205223141985,0.15901471883654103,0.1257618962200428,0.3213931882080955,0.4769186627602803,0.9275943157727184,0.5307176361918765,0.4161200222589546,7,0.48815179601623016,0.48123227775836486,5,0.43755171871797927,0.4331930436327238,RankSelection,3,95.79084248196705,27.306207759184208
112,2026-06-20T16:11:54.517295+00:00,62.271326401541955,2.997449303455175,20,50,2000,12,EliteEliminator,1,0.338250716,0.6399709484781942,1,10,0.26961238251419495,0.6165442162481689,20,0.5183839560263985,0.1,0.9999992241499708,0.7434111995796531,0.95,0.3802414806299187,0.1,0.6478449933932772,0.33110607447618534,0.6886654436319608,1,4,0.48199012744709846,0.10305865826017288,2,0.7441971948653672,0.33719379985983033,RankSelection,2,99.10539300415606,25.437259798927847
113,2026-06-20T16:12:33.254319+00:00,61.64512546553925,6.409364259114066,15.62434586814215,50,2000,1,EliteEliminator,2,0.48993007140532885,0.48565941411623803,0.9999967614448783,7,0.28447595840407897,0.1,12,0.3138733437173041,0.6001728352976231,1,0.2872468127994269,0.7695013833862141,0.8745677916820327,0.21276870870981007,0.28554012280187013,1,0.7648588044452861,1,3,0.6784959328834475,0.9022092307629099,6,0.6696869638339515,0.513851533,RankSelection,4,97.79954548607104,25.490705445007464
114,2026-06-20T16:32:37.617052+00:00,63.907174257064085,11.364959269594335,20,500,8000,5,EliteEliminator,17,0.081775397,0.13716828360044928,1,1,0.8477060022950126,0.8179248813169643,5,0.1,0.6081078908220825,1,0.1,0.4274684106358154,1,0.8,0.1,0.7786238627356499,0.19069354942837768,0.1,6,0.9,0.6249510329338239,7,0.1,0.6938469599693223,RankSelection,3,101.40904924408044,26.405299270047742
115,2026-06-21T05:59:09.111257+00:00,63.07128277180995,1,13.702961425633042,1000,2000,18,EliteEliminator,10,0.094856186,0.1,1,6,0.7692744842906164,1,15,0.274200769,0.22850330602638524,0.9999944922024404,0.6691421003116288,0.6401005576748258,0.9144958956845913,0.7022718103663813,0.23726096500716548,0.5990382602037905,0.6451928402118152,0.9388278122121757,5,0.5587694964393489,0.9638693174480653,7,0.8118666245312888,0.1886877894297393,TournamentSelection,3,99.15521893725115,26.987346606368742
116,2026-06-21T06:05:35.945892+00:00,62.246210283343345,1,15.158526139113553,500,2000,7,EliteEliminator,11,0.19723444304346116,0.5425070673776126,0.9999967991535967,9,0.7662520536728906,0.7969562867777319,17,0.43207216624546063,0.8121233024294237,0.9999913790037412,0.5213292066316283,0.8872200864597215,0.6131783238502323,0.6766961945981005,0.8641097402341049,0.5714164654513422,0.7612745219031701,0.24807332059414017,8,0.4385274575853765,0.7622301047861296,7,0.27773959867457354,0.9533808552156811,TournamentSelection,5,97.83046434421331,26.66195622247337
117,2026-06-21T06:31:22.642137+00:00,64.22286691531471,8.968408125290804,19.139531700070144,1000,5000,28,EliteEliminator,14,0.12615603649712237,0.5637671042928637,0.9999963030102652,6,0.5592414654569505,0.973007283,19,0.6944454259247688,0.9106815877739878,0.9999997935366457,0.22924045755627837,0.2945781360134333,0.5713801160028664,0.6027882035568977,0.1,0.534145072,0.9,0.8683482346114048,4,0.43294634213642835,0.8104915636001824,3,0.4951350708543064,0.396986531,TournamentSelection,4,101.91794640559228,26.52778742503714
118,2026-06-21T06:33:09.167125+00:00,60.92738395754787,7.644285171723768,3.411564611496871,1000,500,6,EliteGeometricEliminator,19,0.47782455382032446,0.1,0.9999985591870022,1,0.7481531174141828,0.6945851194567497,11,0.2987489503866846,0.33464331829384164,0.9999917092888828,0.5843354126144592,0.7930775202445312,0.8466875359628527,0.6243129094275962,0.1,0.7394095756078872,0.47954298155612207,0.709687692,7,0.11678817436953931,0.8785603819796842,5,0.4250651251447094,0.9058091462538521,TournamentSelection,6,95.3329276,26.52184031372214
119,2026-06-21T06:37:44.755208+00:00,62.86999272,1,17.870579367490897,500,2000,30,EliteEliminator,4,0.2195028801001197,0.276137009,0.9999967592537439,9,0.1318444608328065,0.7160018203039373,17,0.4797600507256691,0.12732667992411206,0.9999926920058748,0.1298717242067181,0.15647679109879148,0.8932304407661651,0.6399052575736107,0.1,0.5836245415685852,0.43765386728267663,0.8120428440774329,3,0.5706375675223777,0.41438630782592223,3,0.27824601857909304,1,TournamentSelection,3,98.98421884715208,26.755766585105718
120,2026-06-21T06:45:28.252856+00:00,62.09730931212591,4.413318743232496,20,1000,2000,9,EliteGeometricEliminator,14,0.3505095373811147,0.1,0.9999923787313407,2,0.4991006746743717,0.28621006980233604,12,0.5984267309114923,0.7249763026443007,0.9999961284940673,0.2106549860975239,0.7756289076270336,0.7959685541768935,0.7340078852542098,0.287638402,0.7738959911516522,0.23117502461397776,0.9669580971648523,5,0.3149073670831385,0.8547352544768662,6,0.6102473597785568,0.1541596828775586,TournamentSelection,2,98.29696806462294,25.897650559628875
121,2026-06-21T06:48:31.905896+00:00,63.98172361822426,1.2053295286047119,12.76862307562228,1000,500,3,EliteEliminator,4,0.499591269,0.28404588602065134,0.9999967127134018,3,0.7672111347134942,0.6340566883240611,13,0.700444548,0.841225017,0.9999901740554028,0.6156992651476764,0.29311933964941894,0.9201664812379506,0.16470812318470035,0.3983860892913078,0.6677081906191886,0.6809830241629029,0.7715354752650693,5,0.43476327962970507,0.24149721642461977,5,0.8338999584271206,0.8600160189045983,TournamentSelection,5,100.78912016115207,27.174327075296446
122,2026-06-21T07:04:30.831327+00:00,61.691343641714326,10.884014641863692,12.403902280802082,5000,500,16,EliteEliminator,1,0.3638145634686188,0.5318527190862073,0.9999988845651265,1,0.7297006863452147,0.5411904084435321,20,0.6423048607176448,0.7751325617072125,0.999993451,0.7482228341861861,0.7950943594888943,0.6856298494721238,0.6452361710079304,0.1,0.604235627,0.6348006016719617,0.8279397421357332,4,0.3227549417040706,0.7733972343040358,4,0.8687259624540407,0.14779616482332003,TournamentSelection,6,97.37434315164886,26.008344131779786
123,2026-06-21T07:13:08.638351+00:00,61.80555041551325,1,8.905062236778814,1000,2000,24,EliteEliminator,5,0.31321345662642774,0.2752432052785302,0.9999911333446913,4,0.45747106194375897,0.7943682087453442,20,0.43559318621028364,0.3723449446585101,0.9999976518169106,0.5313144216367575,0.8796193065327178,0.39347510445759704,0.22483195430324854,0.1,0.5650516677535266,0.9,0.20370820115811733,7,0.191158727,0.3127273821447537,6,0.4554411281984245,0.39744033992433403,TournamentSelection,4,95.64718095464181,27.963919876384693
124,2026-06-21T07:13:59.537390+00:00,62.787234899129864,1.5224070036389905,13.223617138733863,50,2000,20,EliteEliminator,19,0.2436533506468041,0.941261206,0.9999930865850316,5,0.247764315,0.9638173334686085,16,0.28216485920098056,0.8787353912958694,0.9999953269996457,0.10415723358850705,0.4495124294869661,0.4199997657063804,0.6184480772361531,0.36387777002043864,0.5385489623846156,0.2988475731097693,0.4408744912743978,6,0.4448642511054969,0.831162574,8,0.6282227641574649,0.9801125289997442,TournamentSelection,3,98.26568648602486,27.308783312234862
125,2026-06-21T07:14:44.273706+00:00,64.04106365994748,1,16.628620021645766,200,500,1,EliteEliminator,4,0.2861637859327512,0.501937677,0.9999923696917953,4,0.20158900527826124,0.5832132638354127,20,0.1492157075847056,0.6721165625499879,0.9999905431161394,0.538969263,0.6216852520195543,0.1562435184968151,0.6627166904369342,0.8937152200711412,0.5345351882220865,0.28745762078171694,0.28083953713590626,5,0.7726302541330468,0.91896277,5,0.5760662421845071,0.8927371196470235,TournamentSelection,4,101.27755104357571,26.80457627631925
126,2026-06-21T08:03:38.302741+00:00,61.554968119784306,10.99161213674644,17.394925309409743,5000,2000,24,EliteEliminator,7,0.47823207390759803,0.5188942962419612,0.999990426,2,0.7686046265936276,0.8843975429401849,20,0.7095416638967269,0.4467746275836998,0.9999936521028289,0.130712653,0.5506835276340999,0.6962807719137007,0.6437830625747637,0.10932042042477509,0.5689348780624605,0.8064823241245316,0.30141480633093987,6,0.5702839928008355,0.6287455990728644,7,0.5841155530910012,0.8729408041883574,TournamentSelection,2,98.1169039,24.993032342755612
127,2026-06-21T08:07:48.336212+00:00,63.27404727363249,1,6.061292094605056,500,2000,27,EliteGeometricEliminator,15,0.1887243415328299,0.18867562053481746,0.9999943931973981,2,0.6405059854349912,0.7028893170354945,9,0.22958233533960623,0.4654191018995084,0.9999972656483881,0.19907010845633905,0.8210224806528954,0.32488185264930136,0.667106031,0.3311768859096629,0.7509708204588177,0.8403472115592063,0.5821490375202094,6,0.8054711513118116,0.9694371871442562,4,0.9,0.37717165521633356,TournamentSelection,2,99.61806161880426,26.930032928460722
128,2026-06-21T08:14:48.036296+00:00,64.06528959965655,1,7.875836578,200,8000,18,EliteEliminator,1,0.073345041,0.4671556383168224,0.999996668,6,0.15770745955976226,0.8118750938701328,19,0.3880828931909498,0.2791816337281341,0.9999949687417997,0.7612780122379839,0.6508290267425881,0.7964516882308569,0.6923406062104397,0.8740174948539783,0.5808131839600784,0.6537208244028312,0.1,7,0.4671485340540027,0.8802018391025123,6,0.7731271019419683,0.5560170333543856,TournamentSelection,5,101.36736886715195,26.763210332161137
129,2026-06-21T08:36:45.626084+00:00,63.32619337442092,1,14.44678767857776,500,8000,25,EliteEliminator,5,0.2642092772158154,0.10233316244126493,0.9999913210969772,5,0.1,0.5160184964692338,18,0.4880954533944608,0.47002750109738045,0.9999932045135361,0.47658296166429004,0.10922081776265077,0.8577136052962497,0.6710951887838764,0.8346123112671374,0.4991062138162642,0.23256707309730348,0.6183816316890208,2,0.12148814374019684,0.13320289965887352,6,0.552331273,0.18004528993086683,TournamentSelection,5,99.51122669161435,27.14116005722748
130,2026-06-21T08:39:06.854441+00:00,62.412854333131286,1,9.879053229441187,1000,500,17,EliteGeometricEliminator,17,0.10394554172435372,0.29096099376292184,0.9999903185029849,6,0.7567295639976797,0.16570695104705796,10,0.6853187285945526,0.10434735736152645,0.9999918663823087,0.18577446972161304,0.13069116845720535,0.2250703798858853,0.6433183272816445,0.15564449756071658,0.7882169478296326,0.4630038344572004,0.17288094902528417,6,0.5103017628474366,0.29591208944565334,3,0.4483536077377731,0.42808790612155256,TournamentSelection,2,98.22962908188882,26.596079584373758
131,2026-06-21T08:44:43.431326+00:00,63.54874762911801,1,3.090062944,200,8000,3,EliteEliminator,16,0.1271840529390425,0.82307063,0.999992273,5,0.1592394213553568,0.6722145188183227,18,0.5060855874310234,0.7529078704454815,0.9999921027949309,0.5565517580406814,0.35295568469561056,0.4913080904546204,0.6533726753379803,0.1,0.5082811146842912,0.7414901881254521,0.4156374950158471,6,0.46010572878977596,0.2851425576424382,4,0.6073983433495751,0.29639955247034255,TournamentSelection,5,99.36045949050092,27.73703576773511
132,2026-06-21T08:47:30.081584+00:00,62.90986512298471,1,6.492947687495616,1000,500,3,EliteEliminator,1,0.1677714857762074,0.6283025534330149,0.9999965403908982,6,0.644256251,0.37439793026013746,17,0.43438285453394065,0.6169954553438367,0.9999945138883888,0.5429377565656867,0.12592893759619958,0.9692343371397868,0.7150993088160873,0.1,0.5917687562664427,0.10175847524936399,0.25334069868115516,6,0.7504699179890564,0.22079079206869842,6,0.7808043727827215,0.7717157949010711,TournamentSelection,6,99.78444645010116,26.035283795868267
133,2026-06-21T09:11:23.421396+00:00,64.93978870614988,1.034026587218688,16.692482811030587,1000,5000,16,EliteEliminator,1,0.21538255306914977,0.46238571884315716,0.9999968686990585,4,0.6983586809610163,0.41461009791299075,13,0.754600034,0.22152553536507757,0.999992104,0.1643796700556326,0.23984298707589555,0.5132717770031269,0.6840685990448331,0.1,0.6075303926873333,0.7235861182442268,0.27817894750269945,3,0.633685643,0.850944497,7,0.6082532342695225,0.389453057,TournamentSelection,5,102.79248275516163,27.087094657138127
134,2026-06-21T09:22:24.874978+00:00,63.022221102714425,3.858362766923502,5.542617583843669,500,8000,1,EliteGeometricEliminator,19,0.25640931135916484,0.1,0.9999980197090962,6,0.12990421140264574,0.9755572867046153,19,0.6017350214030822,0.29607132006899317,0.9999914527268114,0.6096975199573088,0.4090447979619226,0.4484803207514986,0.7476291688623837,0.4606938804705044,0.8420464236263734,0.7784216336635702,0.37469660401231286,7,0.19565684689524776,0.7881199552145586,6,0.9,0.5150682196388012,TournamentSelection,5,99.33530442039661,26.70913778503224
135,2026-06-21T09:45:16.863109+00:00,65.46769720563285,1,11.421003112926936,1000,5000,30,EliteEliminator,1,0.4468985223638044,0.9418827223386621,0.9999971459692744,5,0.32047779687877387,0.7374907554688128,18,0.7859426238290385,0.8346646070473582,0.9999989642661873,0.3417395869883222,0.4876860465929187,0.9667415701444966,0.6720625821914433,0.37979470917513714,0.5328321250409294,0.7404465575355758,0.15349900911223804,5,0.33264721678717046,0.9635384115039781,5,0.6671754029052923,0.9517035790744227,TournamentSelection,4,103.64884011581019,27.286554295455513
136,2026-06-21T10:02:06.035979+00:00,62.96185692931958,1,16.378599049315532,5000,500,13,EliteGeometricEliminator,1,0.16025442058435205,0.24984164966670053,0.9999952149172808,5,0.42217152126815116,0.5774147967244695,10,0.2547800786121087,0.15141164484421987,0.9999939940874508,0.5230835532668718,0.19248880197157234,0.7670597080851946,0.6791475569600405,0.5738167979778128,0.7225739040823853,0.4695582517439528,0.9623786027592267,3,0.274334853,0.6418782951993101,4,0.9,0.38323451922855845,TournamentSelection,4,99.50154912339657,26.42216473524259
137,2026-06-21T10:29:53.863344+00:00,61.62397661574868,1,15.733852400852463,1000,5000,30,EliteEliminator,2,0.4846611391878509,0.939932728,0.9999902303450321,4,0.21506664839756667,0.506175337,17,0.8097425862042583,0.8790819558883793,0.9999997739484946,0.6640510090777836,0.1,0.6464103270561982,0.7761911658620175,0.1,0.5336518045762567,0.6750567646607931,0.19796441117941832,2,0.12650983139874758,0.7848129904468186,6,0.49925454522586465,0.9506047821427239,TournamentSelection,6,96.70556473,26.54238850277297
138,2026-06-21T10:42:12.263622+00:00,64.48526458965596,1,15.730689883879553,1000,2000,15,EliteEliminator,6,0.4204683071839835,0.4193897711376674,0.9999947694269653,5,0.6710017303736266,0.34435017042280774,20,0.27321338379715465,0.23170092961751776,0.9999924775042962,0.744321437,0.22608328772907055,0.6795468995384338,0.6663121089126517,0.1,0.534047505,0.3555950442567283,0.14115627205263426,7,0.5303308507057171,0.14084890755667617,3,0.24396877861429606,0.686581016,TournamentSelection,5,102.24186356846445,26.728665610847454
139,2026-06-21T10:49:30.269470+00:00,64.05992663283084,1.121528712592264,18.764676680572666,1000,2000,28,EliteGeometricEliminator,4,0.3764000799717154,0.22276282717885604,0.9999954912773069,3,0.6912135792173043,0.9186538222934906,10,0.4273090870839046,0.3847232531275754,0.9999982048620236,0.17116617206505352,0.666876909,0.6393217818227858,0.6659663459548257,0.20936203163951358,0.762848639,0.7691284236857829,0.3952824280493774,2,0.27913170530213766,0.8513726128815609,8,0.9,0.5541489337807778,TournamentSelection,2,101.66108906036492,26.458764205296745
140,2026-06-21T11:31:11.857565+00:00,64.20842970267839,1.0133927954475679,15.23988411645072,1000,8000,13,EliteEliminator,1,0.091719599,0.3657591984081552,0.9999925256067854,3,0.30259355769702656,0.3770532099930385,16,0.712488889,0.15440626770837773,0.9999996650917783,0.7182477778054366,0.2885806957959278,0.8148363274915258,0.6746282397168799,0.4055974442544653,0.5008609510240061,0.8914690568984063,0.9250615164559166,7,0.6422256961159958,0.7777414465205821,6,0.3535177271317469,0.23195685670489866,TournamentSelection,5,101.12306368899257,27.293795716364194
141,2026-06-21T12:02:37.705922+00:00,63.97949362996632,1,15.202593079707762,1000,8000,21,EliteEliminator,9,0.25985565353438045,0.6659110925416935,0.9999959005182304,5,0.21548209830355675,0.6727513231494189,6,0.4695038420254487,0.20044049985471818,0.9999914486540968,0.35540729889623446,0.7173845078558414,0.7452697440026302,0.6677822948567431,0.1,0.5462045659569216,0.35524764420951305,0.25301328173357873,7,0.13116531043290242,0.12529897362428435,7,0.6304392116769388,0.10124780285951138,TournamentSelection,2,101.18366431161199,26.775322948320653
142,2026-06-21T12:05:45.499364+00:00,63.94026056342926,1,12.527136493466424,1000,500,21,EliteEliminator,12,0.097813484,0.32045401266069806,0.9999962182197066,4,0.4228679745944681,0.18403456179587613,16,0.32677831562461057,0.9720169587701567,0.9999936520546591,0.4861549497159422,0.23000584732625504,0.4121836527657341,0.6648160625746904,0.18348473251968772,0.10673702461737385,0.2731497323967025,0.24364358084948812,6,0.8781345550959899,0.9565939625234156,5,0.5829113492556272,0.2981813442899742,TournamentSelection,4,100.35977099152677,27.52075013533175
143,2026-06-21T12:23:39.724346+00:00,64.39083389229704,1,13.596471514429563,5000,500,11,EliteEliminator,3,0.082014263,0.757945528,0.9999901373161024,5,0.17426635963914322,0.9982865377775603,8,0.8165102650432013,0.3607279688376581,0.999994391,0.357439809,0.39455684146799697,0.1766018703680269,0.6356302289572738,0.453236162,0.552891942,0.5927775737367339,0.6449866373163715,3,0.10680475865059384,0.21045418910195685,6,0.44013776380190606,0.5864723627365098,TournamentSelection,4,102.18402123633754,26.597646548256535
144,2026-06-21T12:28:55.410541+00:00,64.49622822113464,1.3240368851022324,12.378071430835202,500,2000,17,EliteEliminator,9,0.22294089929548938,0.5886410259950677,0.9999955074531128,5,0.809191686,0.6555258461518787,15,0.5980373447464934,0.9969525197319599,0.9999943804467736,0.4097023880313383,0.35636837944549504,0.6948847551917119,0.5765493715158041,0.18455540759784506,0.5093258700689748,0.5510104303439115,0.23743943998198114,3,0.7575389035223551,0.32161516495191234,6,0.7720782719627558,0.21809738691190506,TournamentSelection,3,101.67600104616449,27.3164554
145,2026-06-21T12:37:15.037625+00:00,64.72904261847778,1,8.576900090943166,1000,2000,20,EliteEliminator,13,0.17007095002879064,0.6866090922514984,0.9999944216288625,5,0.3705898727733955,0.9290480133760692,20,0.5575767793888967,0.8988676059484079,0.9999941773782418,0.7954744057647667,0.5009037937447989,0.8421076697343747,0.6963994487004521,0.1534253388461253,0.6322149670039923,0.5911323997779004,0.6264303661658116,4,0.20217999721312052,0.671555135,3,0.41862335022181696,0.9275335686494206,TournamentSelection,5,102.55349490725963,26.90459032969591
146,2026-06-21T13:23:31.837000+00:00,60.18700275549723,1,12.084503910887289,5000,2000,10,EliteEliminator,2,0.3650877615141087,0.600318592,0.9999913825032374,2,0.21043588698961646,0.942831406,20,0.8183036320404624,0.9657517148727492,0.9999902677868332,0.5032633124075936,0.13229502205341603,0.26415204435828316,0.6366482996869867,0.5536462596572987,0.5058139207775799,0.3399969455653846,0.4302112584031066,8,0.472298171,0.2813799091113913,3,0.3646325036358573,0.8107966124224046,TournamentSelection,2,92.69010773205676,27.68389778
147,2026-06-21T13:45:34.303497+00:00,65.69751876503453,1.375540351,10.628730937957156,1000,5000,28,EliteEliminator,1,0.1995448538011501,0.5400576422646525,0.9999988942390962,5,0.37281336253928166,1,18,0.4983645648385867,0.3915972586269655,0.9999961656049562,0.2192357051458138,0.9368733856843536,0.6203062860944859,0.6443610514800401,0.1,0.7602745675419488,0.5285203419124253,0.7424166452870237,8,0.1639313534103476,0.8371501963867073,6,0.7072875500382779,0.9304976050612225,TournamentSelection,5,103.17920856783579,28.215828962233275
148,2026-06-21T14:30:28.939745+00:00,63.55556990625143,10.83803123,14.369954906236204,5000,2000,28,EliteEliminator,1,0.42543629992894383,0.4542381349050414,0.9999997364980838,5,0.8076513841867176,1,18,0.5913194964738022,0.5216319386236055,0.9999994041272924,0.5068196932851609,0.12585463301599295,0.35496514684619607,0.6474270315553644,0.1,0.2675818299016893,0.12282533650153812,0.663889273,8,0.165222068,0.27338209031829597,6,0.7066620883867724,0.1842623442961263,TournamentSelection,5,100.48155586665406,26.62958394584879
149,2026-06-21T14:32:02.759863+00:00,63.87014422868937,1,7.710328421964844,500,500,16,EliteEliminator,1,0.2943425431270347,0.40898368596508705,0.9999955771503813,4,0.2974766758539386,0.6536398140836364,18,0.5115262716771395,0.6489479304553043,0.9999963051852949,0.7571068479615728,0.7606482591774881,0.9946538357548275,0.6501123994690411,0.1,0.3205251620012731,0.7449258723750614,0.254890808,7,0.21001838541897808,0.7556708794458911,3,0.6927550513724648,0.8524771483932535,TournamentSelection,5,99.79771604899953,27.94257241
150,2026-06-21T14:34:00.269912+00:00,62.11966312202768,1,6.757951562415359,200,2000,3,EliteEliminator,1,0.27288708186641775,0.15848262522878948,0.9999968351526825,10,0.409424112,0.6576013688880292,18,0.8483759426914957,0.9036714119891899,0.9999918303513603,0.6498223205550806,0.3691543129790421,0.17252794684801395,0.6506324194182995,0.1,0.7805020827874724,0.6416447337699998,0.688903415,5,0.5209908183321316,0.5809822457692091,8,0.6835411207048545,0.6950048698275452,TournamentSelection,5,97.00832010951055,27.23100613454481
151,2026-06-21T14:46:25.579494+00:00,64.70641933482048,1,18.386324608611996,1000,2000,30,EliteEliminator,1,0.14071208044711514,0.7142625345617641,0.9999907392540033,4,0.6485648464591078,0.2530845922763191,18,0.29855708721324825,0.1,0.9999905813879711,0.22366129363017012,0.8464997756898497,0.7592691385479087,0.6565635193426829,0.8003450027365718,0.7445896202087334,0.3938921246896747,0.18269478670774084,5,0.5475897339845085,0.3357028907369304,4,0.6714603385165502,0.8242419909416788,TournamentSelection,5,102.00491953949117,27.407919130149807
152,2026-06-21T15:25:39.552388+00:00,64.31040972892359,1,19.400641834685157,1000,8000,29,EliteEliminator,5,0.1047709686074701,0.8568872497603637,0.9999904593447422,3,0.10813569181216645,0.21363835360312483,18,0.22470011393041425,0.11410804915416936,0.9999999871129323,0.2003293546611626,0.4277624078142028,0.25316770991495385,0.6452622269306596,0.1,0.38784233460928097,0.7282498742902451,0.743672773,5,0.4345410571377547,0.6687116833111296,3,0.6635616822947894,0.25866863281529595,TournamentSelection,5,100.7441046008473,27.87671485699988
153,2026-06-21T15:55:28.183331+00:00,64.33693968664436,1,17.776648441141006,1000,8000,10,EliteEliminator,1,0.3685950167342162,0.6676860806421635,0.9999919533179267,7,0.5728892582034913,0.9379116470093228,16,0.12915514319150237,0.5352409857434044,0.9999943098159177,0.34587699757498025,0.5261042340688389,0.574974146,0.6872741260337667,0.1,0.9156518040090627,0.4001780188007169,0.1317988469874109,6,0.22138347294576122,0.48126386899094475,3,0.7568961162308749,0.9960388277267127,TournamentSelection,5,101.9222356,26.75164378666972
154,2026-06-21T16:17:08.180020+00:00,65.39182764763538,1,13.121447591418791,1000,5000,7,EliteEliminator,1,0.47664509598901295,0.7834845883642207,1,5,0.24080564140290842,0.8943290451660248,19,0.883338581,0.1,0.9999963748419448,0.2785952818943196,0.21235984428100976,0.8721949723675719,0.6665903803621289,0.8921310775750388,0.8288008014242962,0.3072552236325515,0.6479828550387212,5,0.3419866566128827,0.5388821593154163,5,0.6341154847193592,0.6803200990538779,TournamentSelection,5,102.03722721101525,28.746428084255527
155,2026-06-21T16:49:14.214903+00:00,62.42682868215924,1,12.820203934563466,1000,8000,18,EliteEliminator,1,0.30270553516836285,0.8396851901114251,1,5,0.5764380933400846,0.9667188711069477,19,0.3847036373484092,0.1,0.9999937511986833,0.6846700563399913,0.5436178378802043,0.5050366394709968,0.6620284983151193,0.18899096783387573,0.9052280249098206,0.6964749333109211,0.383013097,5,0.587332774,0.39541659713306776,2,0.6240661332673315,0.6252873215424539,TournamentSelection,5,98.02061348220312,26.83304388211536
156,2026-06-21T16:50:44.268464+00:00,62.07297163318536,1,8.953563671836545,500,500,20,EliteEliminator,1,0.29595989767516145,0.8043413550385301,0.9999958924211206,3,0.3858794719702211,0.713949039,18,0.7519226042252328,0.642918121,0.9999998765067839,0.4901859786331594,0.20549968149332415,0.548947318,0.663002599,0.19722368755758113,0.2985529730338309,0.1155189549097176,0.9970083395964425,6,0.4923383083475218,0.3450109738281789,7,0.7237249005852848,0.5972320091866785,TournamentSelection,5,97.56672281273163,26.579220453639103
157,2026-06-21T17:12:24.914679+00:00,63.69989215,1,6.2931561997571155,1000,5000,21,EliteEliminator,19,0.47235983256025793,0.5268547949966519,0.9999936239425875,8,0.6869188297359894,0.8918981714890011,18,0.6433242934690819,0.1685466694039216,0.9999986099057673,0.789126577,0.9420759968545007,0.6231631237551706,0.650589343,0.3831211847148418,0.46556808448523246,0.6837978882504123,0.7814171708847637,8,0.8613629375164592,0.7332855183205861,6,0.6571598837989153,0.7310686715731227,TournamentSelection,5,100.53411616372196,26.865668140072238
158,2026-06-21T17:36:42.410237+00:00,63.09374889978629,1,9.443249245674622,1000,5000,10,EliteEliminator,3,0.4912881639006454,0.717894489,0.9999912239357639,6,0.8193029752839543,0.537995847,16,0.7626616558340765,0.5380793010976073,0.9999936334864055,0.22042871600424896,0.12607446244267143,0.889225712,0.703048863,0.748557518,0.4184900932452815,0.6104016664421335,0.9564213984456114,4,0.41881048764820517,0.19034827002039093,6,0.6938527864001691,0.2789284978996741,TournamentSelection,4,100.5269673348227,25.66053046474988
159,2026-06-21T17:59:22.178629+00:00,63.745533891809586,1,20,1000,5000,18,EliteEliminator,1,0.0940943,0.879870994,0.9999985534548215,5,0.6237916827636281,0.8240305708647362,20,0.4447698288654286,0.1,0.9999941360430117,0.1927457485312304,0.4753627324845765,0.6520996574223721,0.6348944543231949,0.1,0.4112679163200874,0.2698340399677962,0.31242036674147877,4,0.1,0.6550030107017428,6,0.7028848138305896,0.8389968135883241,TournamentSelection,4,100.89218726278213,26.59888052083704
160,2026-06-21T18:25:41.627161+00:00,64.61437329729283,1,18.1506598,1000,5000,30,EliteEliminator,3,0.4328558019974151,0.7932037996088799,0.9999946977237495,4,0.6663178981389002,0.44304335075774814,18,0.694273887,0.2239940134894445,0.9999957421147597,0.3415747358340925,0.7832770119713192,0.828229339,0.6594561944772328,0.40912448643886135,0.23720849131240923,0.6275613755093559,0.49107623870525285,7,0.7436861990208603,0.8457291839427454,6,0.6663167458828508,0.2844792461116035,TournamentSelection,5,102.80427058449348,26.424476010092175
161,2026-06-21T18:37:52.023075+00:00,63.57869724026853,1,15.066791959890027,1000,2000,12,EliteEliminator,1,0.2075243643415553,0.7161291660076377,0.9999984080602539,6,0.29209124403495756,0.363917537,17,0.7520158508642389,0.2380412384266911,0.9999990676065674,0.24508860712495825,0.1593558288352692,0.7991940997579229,0.6380015733464841,0.1,0.728577736,0.1664645286652267,0.3853735832383024,2,0.5332346817301109,0.9475730226947118,6,0.6223051742879268,0.7681805793640758,TournamentSelection,5,100.64144510302944,26.51594937750762
162,2026-06-21T18:47:48.049939+00:00,63.293838217276274,1,20,1000,2000,28,EliteEliminator,2,0.21825178620779967,0.4366030164041821,0.9999923067050024,5,0.6941849205226723,0.8753127594285253,19,0.18543752998437923,0.5709087962038415,0.9999966303415345,0.7795467145904987,0.5207681833307881,0.784022292,0.666250553,0.13631074695743167,0.6031980129643102,0.6322838539439217,0.6448305404494771,8,0.221631844,0.9486563701127948,2,0.6520908764328132,0.8340849902174182,TournamentSelection,5,100.27218015414647,26.315496280406084
163,2026-06-21T19:37:37.693398+00:00,65.22726004584334,1,18.25181088987611,5000,2000,13,EliteEliminator,1,0.4242448548463669,0.6583702940115561,0.999995922,6,0.6012316502969535,0.9826416735343049,18,0.31975605317874134,0.14377141747857816,0.9999945204420494,0.4758995669858491,0.1403002973671753,0.7868213283075315,0.6491599979381412,0.6383047969892566,0.759055504,0.7125096959136751,0.3485998389768059,7,0.1676203236114207,0.27810933462750703,6,0.6654748109666554,0.11422923519647118,TournamentSelection,5,103.4177682834357,27.036751808250965
164,2026-06-21T19:38:07.206821+00:00,62.88293096709893,1,19.83192091811006,50,500,2,EliteEliminator,14,0.4870824403858336,0.7608989132421906,0.9999931206757828,5,0.211490445,0.29804768701580564,9,0.20094714106114697,0.1128626561388543,0.999995233,0.6770540746304352,0.3051246193938906,0.13177214717159796,0.659485742,0.845124217,0.6960836554732571,0.6775146402333445,0.2860799741456023,5,0.3728497189606347,0.46834981062105197,7,0.591079872,0.5498445495114163,TournamentSelection,5,99.19471782069553,26.57114411350232
165,2026-06-21T19:39:58.415890+00:00,61.77798749276267,1,19.43989983,500,500,19,EliteEliminator,18,0.23496269866383174,0.215852006,0.9999946217053465,5,0.4054362872324926,0.7850722559428087,16,0.39539731782331733,0.41684737354772505,0.9999935210582347,0.1783564792119047,0.6079031615232917,0.8191448636748271,0.65471914,0.1669045129949246,0.26913363041689237,0.6799361533439958,0.2977332192689992,2,0.5874975517783665,0.5999422197265253,7,0.58901788,0.36586538965816606,TournamentSelection,5,97.27343226167801,26.28254272384733
166,2026-06-21T19:56:13.828842+00:00,65.51150802143934,1.0390623370024996,18.772807284108275,500,8000,12,EliteGeometricEliminator,4,0.31557227035802865,0.7250138832547788,0.9999959507606082,6,0.6007193751594921,0.11861597991304054,6,0.1,0.7464756618582589,0.9999958023545776,0.5102357493381835,0.4628853606168286,0.2057586639209542,0.6669203619452242,0.5176343222870506,0.7030337991037343,0.40272276994317413,0.10484201078862246,2,0.6522250358393932,0.6062238995487371,4,0.5173636946985435,0.4463022368618046,TournamentSelection,2,104.55972046396126,26.463295578917435
167,2026-06-21T20:00:56.744333+00:00,64.47461521568621,1.0304478040925076,15.248631399628646,500,2000,16,EliteEliminator,1,0.085682465,0.31979738537829505,0.999999795,9,0.48755743827015807,0.11101936459195239,14,0.17848256064543944,0.20041406062829314,0.9999905795952606,0.4482880790362588,0.8758503561754605,0.8984040768562992,0.683918647,0.40599094331012997,0.8055551162440305,0.6338358369861786,0.7760755568335398,3,0.15628177035011917,0.8191767697681039,6,0.5136084912784834,0.8467216445151093,TournamentSelection,5,101.30084905968064,27.648381371691794
168,2026-06-21T21:20:07.069820+00:00,62.80050462675065,1,13.113129344053286,5000,5000,6,EliteEliminator,13,0.086644196,0.677393366,0.9999982104002538,3,0.20222826347863013,0.5067554310177194,18,0.20093013882827046,0.8091082660314292,0.9999983889655109,0.36683474648528447,0.47035639165413434,0.7751957780133053,0.6076982135107795,0.6225185918921463,0.6305059735109604,0.6757767185653973,0.6861437393574258,7,0.5583777156268431,0.2826876879098049,4,0.3317826662041983,0.531419456,TournamentSelection,5,98.80710548721689,26.79390376628442
169,2026-06-21T21:37:49.076845+00:00,62.97949001866931,1.0456015888914274,15.970569916344763,500,8000,15,EliteEliminator,1,0.31424865487371795,0.3768831027109091,0.99999928,10,0.6265837220661732,0.12905165576180877,18,0.2339657991615466,0.7978694111885358,0.9999946024389696,0.2240244210186898,0.5660257641111602,0.7974063619238064,0.6848836206968258,0.33499583770993435,0.43026317495226885,0.7021452311562929,0.13656410758780427,5,0.6412551647955512,0.8148247463263183,6,0.8874615333938332,0.7285281036218701,TournamentSelection,5,98.14960898795076,27.80937104938787
170,2026-06-21T21:40:03.860241+00:00,63.08821432144359,1.0353647813585658,14.186016696717036,200,2000,14,EliteEliminator,1,0.18061499262414776,0.8683160035528209,0.9999985843909961,4,0.3775001707292246,1,8,0.1518882945019782,0.23671342055522657,0.999992776,0.33786033028841667,0.3782716599956466,0.1697036038033774,0.6654242702219304,0.41488904683990513,0.4229310639189583,0.6870995109452533,0.7114193682409459,7,0.7271061556635136,0.6590399599563681,6,0.6348310988059855,1,TournamentSelection,5,98.90442651089195,27.272002131995215
171,2026-06-21T22:14:09.308654+00:00,64.18124318642354,1,15.94236676176402,1000,8000,23,EliteEliminator,2,0.18856472132615332,0.6070153496971559,0.9999939106623638,10,0.22721802179413042,1,20,0.8893639835444879,0.12878073526627917,0.9999997722595043,0.33792716381953253,0.8743254700577399,0.28168618967609316,0.6518707221773019,0.6786399940693776,0.6408367167571277,0.6130039134677138,0.5111433107855042,8,0.7500439855430758,0.17936438759249085,6,0.3750496530295391,0.23084042340883407,TournamentSelection,5,101.38527458614749,26.977211786699588
172,2026-06-21T22:22:41.980751+00:00,63.832495867158116,1,3.1560418229072207,1000,2000,23,EliteEliminator,1,0.1891452623769072,0.5752779584874431,0.9999942266735494,10,0.6226801272048361,1,17,0.695735417,0.13977899055393073,0.9999986984375707,0.37313116270991864,0.7678501816783405,0.6044828599906795,0.6534257778798117,0.3457883829816693,0.7943087855237033,0.7133417889523105,0.4700856730507389,4,0.5929735230853782,0.1965559761336455,6,0.6564322716779885,0.7690186187148003,TournamentSelection,5,101.0172884089988,26.647703325317444
173,2026-06-21T22:49:21.954626+00:00,62.23463460379017,1,14.835664002900272,1000,5000,29,EliteEliminator,2,0.29096249305958677,0.1655037038198381,0.9999908703426088,2,0.6619882207675515,0.48083056941092317,20,0.17341248415921345,0.6714028502592148,0.999992068,0.476572355,0.4792969814508664,0.1353416476103309,0.6429999832832217,0.7613729606645904,0.3987150096485468,0.6534747887387151,0.10718613135642965,7,0.16395791394857556,0.4189648943212958,7,0.5022576685592656,0.5932775397114568,TournamentSelection,5,98.57650393345291,25.892765274127424
174,2026-06-21T23:01:56.280366+00:00,65.73484705364204,1,15.525390073399198,1000,2000,30,EliteEliminator,3,0.4083331497422653,0.6071052245755933,0.9999984806424418,3,0.6206477016137406,0.6726241641818781,19,0.39872860051120307,0.603275633,0.9999924379562477,0.42248459731323296,0.10601265310829376,0.3342235669339107,0.6546851535709701,0.2831425760929588,0.7654638931628555,0.9,0.2460317453234699,6,0.6817738678897088,0.10225770817945488,5,0.7216534838423145,0.24131867343393074,TournamentSelection,5,104.81683623325519,26.652857874028903
175,2026-06-21T23:26:39.725580+00:00,65.51809115332941,1,15.441260035293764,500,8000,30,EliteEliminator,15,0.2800703253690975,0.5470883371053634,1,3,0.35942053936880225,0.7595741581650914,20,0.5536650481418812,0.3243370497828606,0.9999930495269885,0.18071031811911228,0.8911243118517785,0.1606100778781924,0.6392766026583241,0.44843354039112227,0.7069013641240437,0.9,0.5614907510372374,8,0.5923606011230612,0.6766199917972736,5,0.7975181606351599,0.2566293447621678,TournamentSelection,5,103.39005413023136,27.646128176427457
176,2026-06-22T00:18:41.143015+00:00,65.40571077534707,1.0251866193563737,16.449813800900305,5000,2000,14,EliteEliminator,7,0.27805216808497896,0.7948342066026746,0.9999948885427441,7,0.6598143185523141,0.40659615915401104,19,0.3071778296200885,0.1,0.9999935233794591,0.7258628987619258,0.9404460778952773,0.8138371922232235,0.7082680025157128,0.42483585723823325,0.3673353382547443,0.7801115203304083,0.8406811377405072,4,0.2245621795432017,0.8969226265654116,7,0.16103854417904684,0.426090033,TournamentSelection,5,103.47436899607291,27.33705255462125
177,2026-06-22T00:21:00.222684+00:00,63.07118140441416,1.6567709630597436,12.625476375437879,50,8000,21,EliteEliminator,10,0.4026567134464388,0.1893021476750037,1,3,0.19927239913434702,0.5799210763092439,19,0.41100667250424194,0.40676563467854443,0.9999968248628747,0.1170203015370507,0.6494721618428658,0.5700273338370282,0.6401075976177504,0.7481096550622091,0.6687263790343202,0.6937889640647532,0.9396070483886372,7,0.1,0.6441628031503872,6,0.8933027947510687,0.2227482279043828,TournamentSelection,5,99.32548189887599,26.81688090995233
178,2026-06-22T00:51:40.737102+00:00,65.56678842407038,1,14.567370134201024,1000,5000,20,EliteEliminator,1,0.38408803675065006,0.23739707335561966,0.999993709,3,0.8099719656909276,1,19,0.6440510139488046,0.5268484765974037,0.9999972334033261,0.6123911623927617,0.49511464135427996,0.3526630870262768,0.6317503694156557,0.9372814910634134,1,0.5149326301617813,0.37433561792915737,7,0.5867521182212058,0.8559821079107972,5,0.816018373,0.6092114982642066,TournamentSelection,5,104.63669965978781,26.49687718835295
179,2026-06-22T01:00:04.749569+00:00,63.417867752777816,1,20,1000,2000,25,EliteGeometricEliminator,1,0.1301232398208586,0.28393417290478806,0.9999905562319975,1,0.6790873973700855,0.2522896649977219,10,0.7079252881114189,0.4166807691078056,0.9999975933869554,0.18040710009424266,0.7545311581287555,0.38641311128480726,0.6723925921495437,0.42283574211655794,0.7959086737450637,0.1727466362358837,0.6746220519522123,7,0.4157243601792183,0.15708360420451983,4,0.5362567285363135,0.6864213675285048,TournamentSelection,2,99.82071066568682,27.015024839868815
180,2026-06-22T01:48:17.820241+00:00,63.60184874447911,1,14.585813584729102,5000,2000,10,EliteEliminator,1,0.2942553986463478,0.6692620654774701,0.9999971583459544,9,0.8101732761643622,0.8844479813351283,17,0.3041238384648828,0.1,0.9999976054496773,0.4205731025744063,0.19186469173740717,0.44963564086598895,0.7087343635372177,0.6142851083812814,0.7250556384498791,0.9,0.5581477862941077,4,0.11850588966099132,0.2538373385962617,7,0.48181231311017136,0.8864126504908316,TournamentSelection,5,101.71785472509207,25.485842763866152
181,2026-06-22T01:51:17.694031+00:00,59.131283648742965,8.620551647,20,200,5000,3,EliteGeometricEliminator,4,0.46071618983891816,0.1464635014559615,0.9999970288817405,2,0.6298483929996369,0.37825973695802395,20,0.4740173981174698,0.4922108837128487,0.99999,0.12681990332203988,0.7738415998784379,0.9610033993294222,0.6417640269369532,0.6838349225155812,1,0.648788411,0.43010850546114043,3,0.5449646045596712,0.645209772,8,0.9,0.7600177488743396,TournamentSelection,2,91.37881133413276,26.883755963353167
182,2026-06-22T02:04:14.786447+00:00,64.49074118918159,1,6.645955215268703,5000,500,30,EliteEliminator,5,0.092046647,0.18071829664561417,0.9999976157835935,1,0.18520864677599386,0.7622110581427239,14,0.6033331211079315,0.1,0.9999944862777326,0.5756609184571603,0.24093606800275508,0.585182421,0.6787212742253692,0.8815649743930688,0.7420025758530087,0.9,0.3446577442228401,5,0.26466591812819784,0.6153284649510989,7,0.8044350319220522,0.26082195977877487,TournamentSelection,5,101.85835739138408,27.123124986979114
183,2026-06-22T02:08:04.317109+00:00,63.63661722471227,1,16.827825024745906,1000,500,30,EliteEliminator,2,0.21230709290295796,0.1348217295541954,0.9999954508683812,2,0.45586140868342595,0.9402315011921267,20,0.6466542641260046,0.31633569060585454,0.9999929214371356,0.7832372859628477,0.5219109110086891,0.7372208077125759,0.6201370657892488,0.1,0.792831934,0.9,0.44557422531092317,6,0.8812455185646938,0.88360893,5,0.7489893741291184,0.37552475060471624,TournamentSelection,5,99.48981981220734,27.78341464
184,2026-06-22T02:38:17.182032+00:00,64.5990578,1,12.287041291342252,1000,8000,14,EliteEliminator,15,0.25932765355061577,0.7348096538700982,1,2,0.5234420309578276,0.675639908,20,0.49034635697675066,0.5161369190997236,0.9999940362062842,0.44964829513555016,0.19189663707452317,0.5295419710639082,0.6098850617710662,0.1,0.9381183150259539,0.2213049628673211,0.9811636201351926,5,0.13019374208238982,0.2372396239894443,5,0.7007754490354078,0.5956225510709534,TournamentSelection,5,102.06339102903975,27.134724580686036
185,2026-06-22T03:17:46.957289+00:00,62.68221002032398,1,11.502356753889323,5000,2000,17,EliteEliminator,12,0.33060678510371194,0.9168867659836879,0.9999949271468976,1,0.14921924812045195,0.5561750511183225,19,0.8103350757699014,0.1,0.9999934981853982,0.5504454883268172,0.6519410703007456,0.43859180597985814,0.6624584415536925,0.1,0.7984442061169718,0.9,0.22874715231315507,4,0.396100949,0.3690581666231679,7,0.367285618,0.12280141460994966,TournamentSelection,4,98.66413579957235,26.700284241075607
186,2026-06-22T03:38:35.020951+00:00,63.32744076208081,1,16.137820382327952,1000,5000,22,EliteEliminator,17,0.39834429691205697,0.56975603,0.9999983717406785,4,0.22362683213470097,0.5590146569815436,20,0.2828854285305873,0.1,0.999997829,0.49736572203568385,0.46756546754663764,0.4149233801883263,0.6115614762342829,0.12840904597258745,0.5691646143560869,0.10950912275754555,0.7105033233714374,4,0.5388927863963924,0.5800405712141672,5,0.7703501966756047,0.724461895,TournamentSelection,6,100.2640277672678,26.39085375689382
187,2026-06-22T04:07:26.761732+00:00,64.3459531,1,18.068911777782837,1000,5000,30,EliteEliminator,15,0.11373258084818262,0.7315639501975979,1,4,0.8252675528406813,0.4788829101499724,19,0.29196017269415847,0.43702020371928474,0.999993207,0.5858427237861292,0.741819301,0.48452201720327204,0.6794321237625487,0.4866915894886015,0.7106430630972465,0.757942854,0.4762506410437828,4,0.603381059,0.484860556,5,0.654801661,0.4665537497838823,TournamentSelection,5,101.9693692628566,26.722536940169014
188,2026-06-22T04:17:25.914329+00:00,63.41886648113468,1,14.970528462498525,1000,2000,3,EliteEliminator,1,0.32586636358623894,0.3526411252622421,0.9999935450101131,6,0.5210638538280409,0.5480233538959807,20,0.4362431235405355,0.43315190897492173,0.9999977831276942,0.3463889619725755,0.1483383260831621,0.9607452077470565,0.6346343977239199,0.3021825037375586,0.5969426270303562,0.17194385553691605,0.34691677117355024,7,0.44834660549521366,0.3792421737086562,5,0.11786509006980356,0.3188059585658035,TournamentSelection,5,98.63312045,28.20461251522386
189,2026-06-22T04:26:58.076744+00:00,65.02745074309641,1,10.357077586316228,1000,2000,28,EliteEliminator,6,0.2173828636887415,0.8290955511865425,0.9999996129909594,6,0.3475798029370789,0.12804444206440518,20,0.12728833637316814,0.33870389866767425,0.9999923955207464,0.6083967257938175,0.15983966577998662,0.13226833803042307,0.646645298,0.4945370846877516,0.6833085539105244,0.8522774411356466,0.41418535201643947,3,0.7724367152314721,0.45612240416857397,5,0.7712270663434246,0.5790253823209185,TournamentSelection,4,102.0152104958913,28.039690990301533
190,2026-06-22T04:42:55.404760+00:00,64.61323314,1,20,500,8000,13,EliteGeometricEliminator,16,0.36087266801990553,0.5320405481376798,0.9999971353738754,4,0.4672325213019457,0.8575363674104964,9,0.8697249595081676,0.43767059324924784,0.9999949289334303,0.6757760668112007,0.9094176725499439,0.7811694083522579,0.6855531923345056,0.7547851973325888,0.326999307,0.3934935838189437,0.25281984049326744,5,0.8791951904044845,0.10556902046198377,4,0.9,0.17523640628313492,TournamentSelection,2,102.36097669322511,26.86548959
191,2026-06-22T04:53:28.194655+00:00,61.123485077652745,1,16.176227489373527,500,5000,10,EliteEliminator,15,0.1418532362101014,0.16964436789265563,0.999997195,2,0.7746630981396251,0.6086027992991188,20,0.3449750215312619,0.9703109347109528,0.9999974468706508,0.33887146950765956,0.6320481865463464,0.1362920043205482,0.6260129406499638,0.9226415634882373,0.9311433454679429,0.9,0.6175513217885096,3,0.45086109989023526,0.8868308743556915,5,0.6166028208553676,0.6776218031296157,TournamentSelection,6,95.30436423634882,26.942605918956666
192,2026-06-22T04:58:23.806404+00:00,64.21688104344652,1,20,500,2000,14,EliteGeometricEliminator,9,0.2174460060670313,0.7618813966249515,0.9999981918215713,10,0.5085454387254109,0.1913620284964783,6,0.1,0.361759955,0.9999976015868642,0.7283210695987096,0.3455315129661001,0.6407918980300491,0.6553474075913341,0.5140121967505183,0.6241219397341873,0.5179889711760763,0.5576562228473766,4,0.44277765185783036,0.15868638630781423,4,0.5337180149374887,0.8999424899372549,TournamentSelection,2,100.63559249299189,27.798169593901157
193,2026-06-22T05:47:04.715999+00:00,65.26498198541788,1,15.429271146209574,5000,2000,30,EliteEliminator,7,0.26408471905206915,0.603759939,0.9999913871036694,3,0.8411007376304858,0.6222879184677714,20,0.8451236329349594,0.5932958567123754,0.9999924645924968,0.24594800683412368,0.696082281,0.5299858386547671,0.6437969309120279,0.1,0.9802880197466824,0.6361593291178675,0.9115260140410464,4,0.4648832871991395,1,5,0.7150286282904087,0.11777855181382534,TournamentSelection,5,103.74716520904842,26.782798761787333
194,2026-06-22T05:56:18.924642+00:00,65.05316017780746,1,14.835537971309908,1000,2000,30,EliteEliminator,9,0.2867645072462166,0.6052606215325549,0.9999999176946397,1,0.49207622638537774,0.7803057539297257,19,0.47697047,0.15391345062959222,0.9999918094754535,0.14486964213943893,0.29740196915243977,0.35420467368830977,0.6683460737992463,0.1,0.8058664842069462,0.6016695592955348,0.6808691737259097,6,0.15135366110576512,1,6,0.4375564857273445,0.7700180173970171,TournamentSelection,5,101.43238664860203,28.673933707012882
195,2026-06-22T06:06:02.773354+00:00,63.31941502778763,1,16.9149102,1000,2000,30,EliteEliminator,19,0.05872792,0.16437606228910728,0.9999963967502318,8,0.5622144912477767,0.4996765335161365,18,0.1341891504370538,0.6834810847266797,0.9999919052283536,0.7960523418268979,0.12876145159087546,0.13394664558637376,0.6780760935116051,0.1,0.8267800543529539,0.9,0.16751646071840362,6,0.8099260744494682,0.3928448344555845,5,0.9,0.47442291717626905,TournamentSelection,4,99.08434039576605,27.55448966
196,2026-06-22T08:00:26.523801+00:00,62.12238505,1.2891459172351265,13.605491591137804,5000,8000,4,EliteEliminator,5,0.3074138316012469,0.5439657409615931,1,3,0.7050305759405617,0.6627538616106109,19,0.7975356860582564,0.4261500593726143,0.9999928629072063,0.6321344209120916,0.5194505298155248,0.9168836350682872,0.6203266409037368,0.12323364670241471,0.6086352569703039,0.32455940028897345,0.5672209063934467,2,0.5551656804175037,0.7232998335595239,5,0.5969975023412578,0.7289017960248828,TournamentSelection,5,97.37093499912119,26.873835100916008
197,2026-06-22T08:03:22.948751+00:00,63.01986419721777,1,17.253175903617944,200,2000,25,EliteEliminator,5,0.30058823266953133,0.8319780550992175,0.9999966675571857,2,0.8166082792634358,0.6843158286262931,20,0.2468271391517893,0.16012354899922404,0.9999979760538009,0.7647299381226489,0.2640747580465309,0.9452503080317355,0.6417772181812339,0.5502056495653384,0.611091075,0.9,0.8815384710124701,8,0.6122435868561202,0.8149549929899879,6,0.5950280791831442,0.8251884458897449,TournamentSelection,5,98.53202473155667,27.507703662878864
198,2026-06-22T08:04:31.946960+00:00,62.88677278966689,2.2871782506591414,20,50,2000,8,EliteGeometricEliminator,2,0.15747236951131285,0.2999677885030384,0.9999961924126094,2,0.7048875636792914,0.8659785346901575,19,0.29929572743863153,0.4802030081808726,0.9999901088163023,0.503084522,0.4106366512148949,0.46272051542506265,0.6880664460213157,0.7141086781076712,0.43951283688787135,0.16706823601551118,0.21799960465331475,5,0.8101574488507007,0.7620344543049935,5,0.9,0.1288419083584951,TournamentSelection,2,99.36527517920639,26.408270400127392
199,2026-06-22T08:47:57.746723+00:00,62.72052656537831,1.2532376077516665,14.35429464107525,5000,2000,30,EliteEliminator,10,0.3694095048313128,0.4356943500289583,0.9999931820053847,1,0.7355377610221744,0.21446521703498816,19,0.38406172827914975,0.3871644931265783,0.9999934649214091,0.3321933358626431,0.3099069958858144,0.9808779268826565,0.6020533868383253,0.1,0.6675454611667655,0.25978082154051474,0.5521569439549558,7,0.32220086259857117,0.2688761931744801,7,0.8409640719724537,0.5712938728683064,TournamentSelection,5,97.83701945299647,27.60403367776015
200,2026-06-22T09:06:37.896610+00:00,62.95149093178543,1,2.9577831040289118,1000,5000,23,EliteEliminator,1,0.3452661839599433,0.7722926935808285,0.9999988387416332,8,0.1970090556959619,0.22768756470989707,17,0.6925674246580658,0.2206598968362155,0.9999972019378746,0.4573333692103564,0.3517860838293868,0.6325128314288135,0.5655843244332972,0.6273585390821613,0.3665592244160011,0.6130338750895907,0.8647747572784773,8,0.6046852433193688,0.841832961,5,0.9,0.8256360010498237,TournamentSelection,5,99.58504259182281,26.317939271748052
201,2026-06-22T09:22:20.278655+00:00,65.12946903748986,1.0674246221485242,20,500,8000,1,EliteGeometricEliminator,13,0.2776782155757606,0.31611074893821234,0.999994708,10,0.879315846,0.28413831274410484,10,0.6671389712279288,0.3641295642886365,0.9999951811614423,0.10659105625559534,0.6360206802176416,0.1642016577686704,0.3422224593061944,0.823031662,0.9321107333517427,0.5671205721214239,0.37345850655236423,7,0.9,0.3168675278710936,6,0.801900197,0.8783546817547166,TournamentSelection,3,103.02251186617097,27.236426208808744
